player_id,player_name,season_id,game_date,team,opponent,mp,pts,reb,ast,stl,blk
lbj,LeBron James,2003-04,2003-10-29,CLE,SAC,42:50,25,6,9,4,0
lbj,LeBron James,2003-04,2003-10-30,CLE,PHO,40:21,21,12,8,1,0
lbj,LeBron James,2003-04,2003-11-01,CLE,POR,39:10,8,4,6,2,0
lbj,LeBron James,2003-04,2003-11-05,CLE,DEN,41:06,7,11,7,2,3
lbj,LeBron James,2003-04,2003-11-07,CLE,IND,43:44,23,5,3,0,0
lbj,LeBron James,2003-04,2003-11-08,CLE,WAS,44:30,17,8,9,1,1
lbj,LeBron James,2003-04,2003-11-10,CLE,NYK,33:39,17,5,4,1,1
lbj,LeBron James,2003-04,2003-11-12,CLE,MIA,42:40,18,3,7,2,1
lbj,LeBron James,2003-04,2003-11-14,CLE,BOS,35:36,10,5,3,0,0
lbj,LeBron James,2003-04,2003-11-15,CLE,PHI,46:57,22,5,8,1,2
lbj,LeBron James,2003-04,2003-11-18,CLE,LAC,39:25,14,7,8,0,1
lbj,LeBron James,2003-04,2003-11-19,CLE,WAS,39:09,28,7,8,2,1
lbj,LeBron James,2003-04,2003-11-21,CLE,MIN,35:18,19,9,2,1,0
lbj,LeBron James,2003-04,2003-11-22,CLE,ATL,42:18,15,6,4,2,1
lbj,LeBron James,2003-04,2003-11-26,CLE,NOH,38:48,15,8,9,0,0
lbj,LeBron James,2003-04,2003-11-28,CLE,DET,36:27,6,2,7,0,0
lbj,LeBron James,2003-04,2003-11-29,CLE,MEM,54:41,33,16,7,1,1
lbj,LeBron James,2003-04,2003-12-02,CLE,DEN,32:31,19,6,5,2,0
lbj,LeBron James,2003-04,2003-12-03,CLE,LAC,34:05,4,6,8,2,0
lbj,LeBron James,2003-04,2003-12-06,CLE,ATL,36:04,8,6,5,2,1
lbj,LeBron James,2003-04,2003-12-09,CLE,TOR,37:03,18,5,3,1,0
lbj,LeBron James,2003-04,2003-12-11,CLE,DET,42:46,23,3,9,1,1
lbj,LeBron James,2003-04,2003-12-13,CLE,BOS,45:25,37,3,4,0,0
lbj,LeBron James,2003-04,2003-12-15,CLE,IND,43:40,27,4,6,3,3
lbj,LeBron James,2003-04,2003-12-17,CLE,HOU,36:00,17,1,3,0,0
lbj,LeBron James,2003-04,2003-12-19,CLE,PHI,41:41,36,4,5,4,0
lbj,LeBron James,2003-04,2003-12-20,CLE,CHI,41:44,32,6,10,2,2
lbj,LeBron James,2003-04,2003-12-23,CLE,NOH,39:10,22,6,2,6,1
lbj,LeBron James,2003-04,2003-12-25,CLE,ORL,47:06,34,2,6,2,1
lbj,LeBron James,2003-04,2003-12-26,CLE,CHI,34:20,18,3,4,1,2
lbj,LeBron James,2003-04,2003-12-28,CLE,POR,39:05,32,10,9,3,0
lbj,LeBron James,2003-04,2003-12-30,CLE,IND,38:07,22,10,4,0,0
lbj,LeBron James,2003-04,2004-01-02,CLE,NJN,36:04,14,4,9,1,0
lbj,LeBron James,2003-04,2004-01-06,CLE,NYK,41:25,14,4,10,1,1
lbj,LeBron James,2003-04,2004-01-07,CLE,TOR,38:14,21,2,5,0,0
lbj,LeBron James,2003-04,2004-01-09,CLE,BOS,42:13,19,3,6,3,0
lbj,LeBron James,2003-04,2004-01-12,CLE,LAL,36:26,16,5,7,1,1
lbj,LeBron James,2003-04,2004-01-13,CLE,SEA,43:54,27,9,9,2,0
lbj,LeBron James,2003-04,2004-01-15,CLE,GSW,43:25,29,6,6,3,0
lbj,LeBron James,2003-04,2004-01-17,CLE,UTA,44:25,29,7,2,2,1
lbj,LeBron James,2003-04,2004-01-26,CLE,ORL,29:58,16,5,3,0,2
lbj,LeBron James,2003-04,2004-01-28,CLE,MIA,44:24,27,5,4,2,1
lbj,LeBron James,2003-04,2004-01-30,CLE,MIL,37:17,20,8,3,1,0
lbj,LeBron James,2003-04,2004-02-01,CLE,WAS,43:24,38,6,4,0,2
lbj,LeBron James,2003-04,2004-02-03,CLE,DET,38:11,12,4,6,2,0
lbj,LeBron James,2003-04,2004-02-04,CLE,LAL,43:05,32,4,4,0,0
lbj,LeBron James,2003-04,2004-02-06,CLE,MIN,44:35,14,9,5,0,0
lbj,LeBron James,2003-04,2004-02-07,CLE,WAS,34:04,14,0,6,4,1
lbj,LeBron James,2003-04,2004-02-09,CLE,BOS,43:18,24,6,3,2,1
lbj,LeBron James,2003-04,2004-02-11,CLE,NJN,29:32,9,2,5,1,0
lbj,LeBron James,2003-04,2004-02-18,CLE,DAL,33:39,16,4,9,0,1
lbj,LeBron James,2003-04,2004-02-20,CLE,SAS,39:37,32,11,2,2,1
lbj,LeBron James,2003-04,2004-02-22,CLE,NYK,43:47,22,5,3,1,0
lbj,LeBron James,2003-04,2004-02-23,CLE,NOH,36:36,21,4,6,2,5
lbj,LeBron James,2003-04,2004-02-25,CLE,HOU,38:38,11,7,5,2,1
lbj,LeBron James,2003-04,2004-02-27,CLE,ORL,49:13,30,11,3,3,1
lbj,LeBron James,2003-04,2004-03-01,CLE,CHI,40:48,18,3,3,4,1
lbj,LeBron James,2003-04,2004-03-03,CLE,ATL,27:36,24,7,3,1,1
lbj,LeBron James,2003-04,2004-03-05,CLE,NOH,37:47,19,6,4,2,0
lbj,LeBron James,2003-04,2004-03-06,CLE,MIL,42:42,24,7,10,4,1
lbj,LeBron James,2003-04,2004-03-08,CLE,ATL,45:06,34,6,7,1,0
lbj,LeBron James,2003-04,2004-03-10,CLE,TOR,33:46,14,3,4,1,0
lbj,LeBron James,2003-04,2004-03-14,CLE,IND,44:09,26,3,4,3,1
lbj,LeBron James,2003-04,2004-03-16,CLE,CHI,32:08,17,5,8,0,5
lbj,LeBron James,2003-04,2004-03-19,CLE,UTA,34:16,14,0,7,2,1
lbj,LeBron James,2003-04,2004-03-21,CLE,DET,36:45,15,7,3,0,2
lbj,LeBron James,2003-04,2004-03-23,CLE,PHO,40:58,25,2,6,3,1
lbj,LeBron James,2003-04,2004-03-26,CLE,PHI,32:46,16,3,7,0,1
lbj,LeBron James,2003-04,2004-03-27,CLE,NJN,43:48,41,6,13,3,0
lbj,LeBron James,2003-04,2004-03-29,CLE,SAS,31:40,18,2,4,0,1
lbj,LeBron James,2003-04,2004-03-30,CLE,DAL,42:05,28,5,6,4,0
lbj,LeBron James,2003-04,2004-04-02,CLE,MIL,36:38,20,7,7,5,0
lbj,LeBron James,2003-04,2004-04-03,CLE,GSW,46:15,34,8,10,1,1
lbj,LeBron James,2003-04,2004-04-06,CLE,TOR,46:00,21,6,4,3,0
lbj,LeBron James,2003-04,2004-04-07,CLE,MEM,36:35,14,3,5,3,0
lbj,LeBron James,2003-04,2004-04-09,CLE,MIA,42:13,24,7,8,1,0
lbj,LeBron James,2003-04,2004-04-10,CLE,MIA,31:38,10,3,11,0,0
lbj,LeBron James,2003-04,2004-04-12,CLE,MIL,45:18,27,7,9,2,0
lbj,LeBron James,2003-04,2004-04-14,CLE,NYK,35:05,17,1,5,3,0
lbj,LeBron James,2003-04,nan,nan,nan,3128,1654,432,465,130,58
lbj,LeBron James,2004-05,2004-11-03,CLE,IND,50:56,28,5,8,1,3
lbj,LeBron James,2004-05,2004-11-04,CLE,MIA,42:20,21,6,8,1,0
lbj,LeBron James,2004-05,2004-11-06,CLE,MIL,41:53,31,8,6,3,0
lbj,LeBron James,2004-05,2004-11-09,CLE,ATL,48:00,25,10,4,4,2
lbj,LeBron James,2004-05,2004-11-10,CLE,PHO,48:21,38,10,6,3,3
lbj,LeBron James,2004-05,2004-11-13,CLE,WAS,37:24,24,9,4,3,2
lbj,LeBron James,2004-05,2004-11-15,CLE,GSW,41:58,33,12,4,2,1
lbj,LeBron James,2004-05,2004-11-18,CLE,CHA,29:06,19,6,9,0,0
lbj,LeBron James,2004-05,2004-11-20,CLE,CHA,37:49,25,8,2,3,1
lbj,LeBron James,2004-05,2004-11-21,CLE,NYK,40:41,13,9,10,1,1
lbj,LeBron James,2004-05,2004-11-24,CLE,DET,37:30,43,6,5,3,1
lbj,LeBron James,2004-05,2004-11-26,CLE,BOS,42:48,20,6,8,3,1
lbj,LeBron James,2004-05,2004-11-27,CLE,CHI,31:55,26,7,7,1,0
lbj,LeBron James,2004-05,2004-11-29,CLE,LAC,42:19,22,7,5,6,1
lbj,LeBron James,2004-05,2004-12-01,CLE,PHO,40:47,15,3,6,2,1
lbj,LeBron James,2004-05,2004-12-02,CLE,DEN,41:10,17,8,9,2,1
lbj,LeBron James,2004-05,2004-12-04,CLE,TOR,42:50,27,6,10,2,1
lbj,LeBron James,2004-05,2004-12-07,CLE,NJN,46:05,27,2,8,3,0
lbj,LeBron James,2004-05,2004-12-08,CLE,CHI,37:18,19,2,6,1,1
lbj,LeBron James,2004-05,2004-12-11,CLE,SAS,41:13,23,6,10,4,0
lbj,LeBron James,2004-05,2004-12-13,CLE,MEM,45:49,31,5,8,7,0
lbj,LeBron James,2004-05,2004-12-15,CLE,POR,37:09,25,11,7,3,2
lbj,LeBron James,2004-05,2004-12-16,CLE,DET,45:04,11,9,7,4,1
lbj,LeBron James,2004-05,2004-12-18,CLE,BOS,40:32,31,5,4,3,1
lbj,LeBron James,2004-05,2004-12-21,CLE,MIN,43:11,26,6,12,1,0
lbj,LeBron James,2004-05,2004-12-22,CLE,NJN,42:38,23,9,9,1,0
lbj,LeBron James,2004-05,2004-12-26,CLE,NOH,44:40,22,9,14,4,1
lbj,LeBron James,2004-05,2004-12-28,CLE,ATL,46:20,40,9,7,1,0
lbj,LeBron James,2004-05,2004-12-29,CLE,HOU,17:23,3,3,5,0,0
lbj,LeBron James,2004-05,2005-01-03,CLE,CHA,40:18,26,8,6,2,0
lbj,LeBron James,2004-05,2005-01-05,CLE,ATL,39:39,20,6,9,1,1
lbj,LeBron James,2004-05,2005-01-08,CLE,NYK,32:42,22,3,4,0,2
lbj,LeBron James,2004-05,2005-01-11,CLE,CHA,49:02,29,8,9,2,1
lbj,LeBron James,2004-05,2005-01-13,CLE,LAL,44:20,28,13,9,1,1
lbj,LeBron James,2004-05,2005-01-15,CLE,UTA,41:18,27,8,5,5,0
lbj,LeBron James,2004-05,2005-01-16,CLE,SEA,44:09,35,5,11,4,1
lbj,LeBron James,2004-05,2005-01-19,CLE,POR,43:47,27,11,10,4,0
lbj,LeBron James,2004-05,2005-01-20,CLE,SAC,36:37,18,8,6,1,0
lbj,LeBron James,2004-05,2005-01-22,CLE,GSW,43:15,28,12,10,1,1
lbj,LeBron James,2004-05,2005-01-24,CLE,WAS,48:00,31,10,8,2,1
lbj,LeBron James,2004-05,2005-01-26,CLE,MEM,41:47,27,9,15,3,2
lbj,LeBron James,2004-05,2005-02-01,CLE,ORL,43:20,28,5,7,0,1
lbj,LeBron James,2004-05,2005-02-03,CLE,MIA,45:57,31,2,10,3,0
lbj,LeBron James,2004-05,2005-02-05,CLE,ORL,45:36,30,6,9,2,0
lbj,LeBron James,2004-05,2005-02-08,CLE,TOR,36:10,15,8,11,3,0
lbj,LeBron James,2004-05,2005-02-11,CLE,DEN,43:05,35,6,6,1,0
lbj,LeBron James,2004-05,2005-02-13,CLE,LAL,45:42,25,8,9,3,1
lbj,LeBron James,2004-05,2005-02-16,CLE,ATL,37:00,28,5,6,3,0
lbj,LeBron James,2004-05,2005-02-17,CLE,MIN,41:02,26,7,8,1,0
lbj,LeBron James,2004-05,2005-02-23,CLE,CHI,44:19,27,6,11,5,0
lbj,LeBron James,2004-05,2005-02-25,CLE,IND,40:29,21,7,5,2,1
lbj,LeBron James,2004-05,2005-02-27,CLE,NJN,45:05,28,4,7,2,0
lbj,LeBron James,2004-05,2005-02-28,CLE,SAS,44:41,20,8,7,0,0
lbj,LeBron James,2004-05,2005-03-02,CLE,SEA,40:51,32,5,5,0,0
lbj,LeBron James,2004-05,2005-03-04,CLE,PHI,39:57,34,7,7,4,0
lbj,LeBron James,2004-05,2005-03-06,CLE,MIA,40:14,23,4,5,2,0
lbj,LeBron James,2004-05,2005-03-08,CLE,ORL,40:37,23,7,8,1,1
lbj,LeBron James,2004-05,2005-03-13,CLE,IND,42:51,35,5,5,1,0
lbj,LeBron James,2004-05,2005-03-15,CLE,UTA,34:11,36,9,2,0,1
lbj,LeBron James,2004-05,2005-03-16,CLE,MIL,45:07,34,7,6,1,0
lbj,LeBron James,2004-05,2005-03-18,CLE,PHI,46:00,16,8,8,4,0
lbj,LeBron James,2004-05,2005-03-20,CLE,TOR,48:00,56,10,5,2,0
lbj,LeBron James,2004-05,2005-03-22,CLE,DET,42:56,29,6,6,1,0
lbj,LeBron James,2004-05,2005-03-24,CLE,HOU,41:47,19,4,8,1,0
lbj,LeBron James,2004-05,2005-03-26,CLE,DAL,35:39,19,4,6,0,0
lbj,LeBron James,2004-05,2005-03-28,CLE,NOH,53:00,44,6,3,4,0
lbj,LeBron James,2004-05,2005-03-29,CLE,LAC,40:47,22,7,5,2,1
lbj,LeBron James,2004-05,2005-03-31,CLE,CHI,53:00,26,6,7,4,2
lbj,LeBron James,2004-05,2005-04-01,CLE,SAC,44:09,35,8,9,2,0
lbj,LeBron James,2004-05,2005-04-03,CLE,DAL,48:00,37,10,7,2,1
lbj,LeBron James,2004-05,2005-04-05,CLE,NJN,39:50,24,9,4,2,2
lbj,LeBron James,2004-05,2005-04-06,CLE,IND,33:17,20,4,3,1,0
lbj,LeBron James,2004-05,2005-04-08,CLE,PHI,48:00,37,13,7,5,0
lbj,LeBron James,2004-05,2005-04-09,CLE,MIL,46:35,40,10,10,2,1
lbj,LeBron James,2004-05,2005-04-11,CLE,ORL,48:00,33,7,6,5,1
lbj,LeBron James,2004-05,2005-04-14,CLE,NYK,41:31,27,18,7,2,2
lbj,LeBron James,2004-05,2005-04-15,CLE,WAS,48:00,38,6,6,1,0
lbj,LeBron James,2004-05,2005-04-17,CLE,DET,45:12,37,11,6,0,1
lbj,LeBron James,2004-05,2005-04-19,CLE,BOS,46:06,32,8,6,5,0
lbj,LeBron James,2004-05,2005-04-20,CLE,TOR,48:00,27,14,14,0,1
lbj,LeBron James,2004-05,nan,nan,nan,3385,2175,588,577,177,52
lbj,LeBron James,2005-06,2005-11-02,CLE,NOK,33:23,31,3,4,2,0
lbj,LeBron James,2005-06,2005-11-04,CLE,SAS,36:34,20,6,4,0,1
lbj,LeBron James,2005-06,2005-11-05,CLE,MEM,40:51,36,2,6,2,0
lbj,LeBron James,2005-06,2005-11-07,CLE,TOR,36:28,27,3,6,1,2
lbj,LeBron James,2005-06,2005-11-09,CLE,SEA,35:38,31,5,1,0,1
lbj,LeBron James,2005-06,2005-11-11,CLE,MEM,25:40,16,6,2,3,1
lbj,LeBron James,2005-06,2005-11-13,CLE,ORL,48:54,26,5,3,0,1
lbj,LeBron James,2005-06,2005-11-15,CLE,WAS,42:26,37,10,4,0,2
lbj,LeBron James,2005-06,2005-11-18,CLE,ORL,33:56,16,6,4,2,0
lbj,LeBron James,2005-06,2005-11-19,CLE,PHI,46:51,36,11,10,1,1
lbj,LeBron James,2005-06,2005-11-22,CLE,BOS,40:59,36,5,4,2,2
lbj,LeBron James,2005-06,2005-11-24,CLE,IND,43:02,19,10,4,5,1
lbj,LeBron James,2005-06,2005-11-26,CLE,MIN,44:04,38,5,2,4,0
lbj,LeBron James,2005-06,2005-11-30,CLE,LAC,49:56,28,7,9,1,1
lbj,LeBron James,2005-06,2005-12-02,CLE,SEA,45:07,34,3,8,1,3
lbj,LeBron James,2005-06,2005-12-03,CLE,LAC,44:41,30,5,6,1,1
lbj,LeBron James,2005-06,2005-12-06,CLE,SAC,44:19,30,6,6,2,3
lbj,LeBron James,2005-06,2005-12-09,CLE,NJN,44:49,32,6,3,0,1
lbj,LeBron James,2005-06,2005-12-10,CLE,MIL,42:48,52,7,7,2,0
lbj,LeBron James,2005-06,2005-12-13,CLE,ATL,45:08,39,10,6,2,0
lbj,LeBron James,2005-06,2005-12-15,CLE,DEN,45:06,26,4,9,1,0
lbj,LeBron James,2005-06,2005-12-17,CLE,MIA,46:23,41,5,10,1,0
lbj,LeBron James,2005-06,2005-12-20,CLE,UTA,28:55,25,6,4,3,2
lbj,LeBron James,2005-06,2005-12-22,CLE,CHI,43:51,37,5,6,4,0
lbj,LeBron James,2005-06,2005-12-23,CLE,IND,43:51,14,8,9,1,0
lbj,LeBron James,2005-06,2005-12-26,CLE,CHI,44:58,32,8,6,2,2
lbj,LeBron James,2005-06,2005-12-27,CLE,NJN,40:18,31,10,8,2,0
lbj,LeBron James,2005-06,2005-12-31,CLE,DET,44:33,30,7,7,4,1
lbj,LeBron James,2005-06,2006-01-04,CLE,MIL,45:42,32,11,11,5,1
lbj,LeBron James,2005-06,2006-01-05,CLE,HOU,44:15,32,9,5,1,0
lbj,LeBron James,2005-06,2006-01-07,CLE,MIL,45:12,35,7,6,0,1
lbj,LeBron James,2005-06,2006-01-10,CLE,NYK,46:00,36,7,7,0,1
lbj,LeBron James,2005-06,2006-01-12,CLE,LAL,40:06,28,2,9,0,0
lbj,LeBron James,2005-06,2006-01-14,CLE,PHO,43:45,46,7,8,1,0
lbj,LeBron James,2005-06,2006-01-15,CLE,POR,41:19,29,13,7,1,3
lbj,LeBron James,2005-06,2006-01-18,CLE,DEN,41:35,24,11,9,0,0
lbj,LeBron James,2005-06,2006-01-20,CLE,GSW,35:12,14,9,6,0,0
lbj,LeBron James,2005-06,2006-01-21,CLE,UTA,42:47,51,5,8,2,0
lbj,LeBron James,2005-06,2006-01-24,CLE,IND,35:22,23,7,8,2,2
lbj,LeBron James,2005-06,2006-01-25,CLE,ATL,45:54,38,9,6,3,1
lbj,LeBron James,2005-06,2006-01-27,CLE,IND,45:06,30,7,9,3,1
lbj,LeBron James,2005-06,2006-01-29,CLE,PHO,42:45,44,11,7,1,1
lbj,LeBron James,2005-06,2006-01-30,CLE,CHA,31:34,30,6,6,5,1
lbj,LeBron James,2005-06,2006-02-01,CLE,NJN,44:26,26,11,10,1,1
lbj,LeBron James,2005-06,2006-02-02,CLE,MIA,39:18,29,5,7,1,0
lbj,LeBron James,2005-06,2006-02-04,CLE,PHI,47:11,31,4,6,2,1
lbj,LeBron James,2005-06,2006-02-06,CLE,MIL,45:21,22,9,12,0,2
lbj,LeBron James,2005-06,2006-02-08,CLE,MIN,45:38,35,11,8,1,0
lbj,LeBron James,2005-06,2006-02-10,CLE,WAS,45:23,18,9,8,1,0
lbj,LeBron James,2005-06,2006-02-11,CLE,GSW,43:48,33,5,6,1,2
lbj,LeBron James,2005-06,2006-02-13,CLE,SAS,40:43,44,3,5,4,0
lbj,LeBron James,2005-06,2006-02-15,CLE,BOS,53:55,43,12,11,2,4
lbj,LeBron James,2005-06,2006-02-21,CLE,ORL,42:51,26,2,9,1,2
lbj,LeBron James,2005-06,2006-02-22,CLE,PHI,43:07,33,6,5,2,1
lbj,LeBron James,2005-06,2006-02-24,CLE,WAS,47:46,25,7,9,1,0
lbj,LeBron James,2005-06,2006-02-26,CLE,DET,37:46,22,9,7,0,0
lbj,LeBron James,2005-06,2006-02-27,CLE,DET,46:34,26,4,6,0,1
lbj,LeBron James,2005-06,2006-03-01,CLE,SAC,44:40,19,7,12,1,2
lbj,LeBron James,2005-06,2006-03-02,CLE,CHI,46:37,33,11,8,0,1
lbj,LeBron James,2005-06,2006-03-05,CLE,CHI,46:27,37,9,7,2,0
lbj,LeBron James,2005-06,2006-03-07,CLE,TOR,43:44,17,12,8,1,0
lbj,LeBron James,2005-06,2006-03-08,CLE,TOR,44:17,35,6,6,1,0
lbj,LeBron James,2005-06,2006-03-10,CLE,ORL,38:58,25,7,2,2,1
lbj,LeBron James,2005-06,2006-03-12,CLE,MIA,45:17,47,7,4,0,1
lbj,LeBron James,2005-06,2006-03-14,CLE,DAL,44:58,36,12,5,0,2
lbj,LeBron James,2005-06,2006-03-17,CLE,POR,44:10,27,9,5,6,0
lbj,LeBron James,2005-06,2006-03-19,CLE,LAL,46:52,29,8,7,1,0
lbj,LeBron James,2005-06,2006-03-22,CLE,CHA,50:11,37,11,12,0,1
lbj,LeBron James,2005-06,2006-03-24,CLE,BOS,44:51,36,7,8,2,3
lbj,LeBron James,2005-06,2006-03-26,CLE,HOU,48:56,36,6,5,2,0
lbj,LeBron James,2005-06,2006-03-29,CLE,DAL,43:26,46,5,4,3,0
lbj,LeBron James,2005-06,2006-04-01,CLE,MIA,45:29,47,12,9,2,0
lbj,LeBron James,2005-06,2006-04-02,CLE,CHA,41:17,35,12,8,1,2
lbj,LeBron James,2005-06,2006-04-04,CLE,PHI,34:40,37,4,7,4,0
lbj,LeBron James,2005-06,2006-04-05,CLE,NYK,44:48,36,2,7,3,0
lbj,LeBron James,2005-06,2006-04-08,CLE,NJN,44:09,37,5,7,1,0
lbj,LeBron James,2005-06,2006-04-10,CLE,NOK,42:07,32,4,6,0,0
lbj,LeBron James,2005-06,2006-04-12,CLE,DET,31:21,22,3,1,0,0
lbj,LeBron James,2005-06,2006-04-16,CLE,WAS,29:32,17,5,4,1,1
lbj,LeBron James,2005-06,nan,nan,nan,3361,2478,556,521,123,66
lbj,LeBron James,2006-07,2006-11-01,CLE,WAS,40:38,26,10,5,0,2
lbj,LeBron James,2006-07,2006-11-03,CLE,SAS,41:53,35,10,4,1,1
lbj,LeBron James,2006-07,2006-11-04,CLE,CHA,38:06,16,9,7,0,1
lbj,LeBron James,2006-07,2006-11-07,CLE,ATL,47:17,34,7,6,2,1
lbj,LeBron James,2006-07,2006-11-09,CLE,CHI,37:50,19,4,12,3,2
lbj,LeBron James,2006-07,2006-11-11,CLE,BOS,43:32,38,8,5,3,0
lbj,LeBron James,2006-07,2006-11-13,CLE,NYK,41:20,29,4,6,2,1
lbj,LeBron James,2006-07,2006-11-15,CLE,POR,38:54,32,7,7,2,1
lbj,LeBron James,2006-07,2006-11-17,CLE,MIN,40:30,37,9,6,1,2
lbj,LeBron James,2006-07,2006-11-18,CLE,WAS,33:20,20,5,4,2,0
lbj,LeBron James,2006-07,2006-11-21,CLE,MEM,41:59,15,1,9,3,1
lbj,LeBron James,2006-07,2006-11-22,CLE,TOR,39:55,30,10,8,4,0
lbj,LeBron James,2006-07,2006-11-24,CLE,IND,42:26,30,7,5,1,0
lbj,LeBron James,2006-07,2006-11-25,CLE,PHI,40:50,25,4,11,0,1
lbj,LeBron James,2006-07,2006-11-29,CLE,NYK,41:11,27,7,6,0,1
lbj,LeBron James,2006-07,2006-12-01,CLE,ATL,42:55,31,7,8,3,2
lbj,LeBron James,2006-07,2006-12-02,CLE,HOU,35:44,21,5,4,0,0
lbj,LeBron James,2006-07,2006-12-06,CLE,TOR,40:30,26,6,10,1,0
lbj,LeBron James,2006-07,2006-12-09,CLE,IND,31:52,27,7,6,1,1
lbj,LeBron James,2006-07,2006-12-11,CLE,NOK,41:36,15,7,6,4,0
lbj,LeBron James,2006-07,2006-12-13,CLE,CHA,41:37,22,8,7,1,1
lbj,LeBron James,2006-07,2006-12-15,CLE,SEA,33:37,22,9,7,1,0
lbj,LeBron James,2006-07,2006-12-16,CLE,ORL,41:03,29,5,5,0,1
lbj,LeBron James,2006-07,2006-12-20,CLE,NJN,40:11,37,1,8,2,1
lbj,LeBron James,2006-07,2006-12-21,CLE,DET,43:00,26,10,5,2,0
lbj,LeBron James,2006-07,2006-12-23,CLE,ORL,42:54,32,7,1,0,0
lbj,LeBron James,2006-07,2006-12-27,CLE,ATL,39:31,27,9,3,1,2
lbj,LeBron James,2006-07,2006-12-29,CLE,MIL,44:01,32,4,5,1,1
lbj,LeBron James,2006-07,2006-12-30,CLE,CHI,40:19,33,9,3,1,0
lbj,LeBron James,2006-07,2007-01-02,CLE,SAS,40:14,19,5,5,2,0
lbj,LeBron James,2006-07,2007-01-03,CLE,BOS,44:47,32,6,4,3,1
lbj,LeBron James,2006-07,2007-01-05,CLE,MIL,42:50,8,5,9,1,0
lbj,LeBron James,2006-07,2007-01-06,CLE,NJN,44:00,19,13,4,3,3
lbj,LeBron James,2006-07,2007-01-09,CLE,SAC,43:25,34,4,7,2,1
lbj,LeBron James,2006-07,2007-01-11,CLE,PHO,38:49,34,6,6,1,0
lbj,LeBron James,2006-07,2007-01-13,CLE,LAC,42:02,28,6,6,1,0
lbj,LeBron James,2006-07,2007-01-16,CLE,SEA,43:34,30,7,8,2,1
lbj,LeBron James,2006-07,2007-01-17,CLE,POR,35:07,23,6,2,1,0
lbj,LeBron James,2006-07,2007-01-19,CLE,DEN,43:52,30,10,10,2,0
lbj,LeBron James,2006-07,2007-01-20,CLE,GSW,45:52,32,7,5,4,0
lbj,LeBron James,2006-07,2007-01-22,CLE,ORL,43:23,18,4,5,3,0
lbj,LeBron James,2006-07,2007-01-24,CLE,PHI,53:10,39,10,5,1,0
lbj,LeBron James,2006-07,2007-01-28,CLE,PHO,42:04,30,9,5,2,0
lbj,LeBron James,2006-07,2007-02-01,CLE,MIA,35:35,17,6,9,1,0
lbj,LeBron James,2006-07,2007-02-02,CLE,CHA,35:39,18,10,3,2,0
lbj,LeBron James,2006-07,2007-02-04,CLE,DET,43:17,21,5,6,2,0
lbj,LeBron James,2006-07,2007-02-07,CLE,LAC,36:19,11,7,3,1,1
lbj,LeBron James,2006-07,2007-02-09,CLE,MIA,41:08,29,7,6,0,0
lbj,LeBron James,2006-07,2007-02-11,CLE,LAL,38:21,18,8,5,1,1
lbj,LeBron James,2006-07,2007-02-14,CLE,UTA,42:39,23,10,4,1,3
lbj,LeBron James,2006-07,2007-02-15,CLE,LAL,39:48,38,4,3,3,0
lbj,LeBron James,2006-07,2007-02-21,CLE,TOR,36:49,29,4,2,1,1
lbj,LeBron James,2006-07,2007-02-22,CLE,CHI,42:58,29,7,2,3,0
lbj,LeBron James,2006-07,2007-02-25,CLE,MIA,41:30,29,3,7,0,1
lbj,LeBron James,2006-07,2007-02-27,CLE,NOK,42:50,35,5,8,2,1
lbj,LeBron James,2006-07,2007-03-01,CLE,DAL,39:58,39,3,5,0,0
lbj,LeBron James,2006-07,2007-03-03,CLE,TOR,37:22,36,5,6,0,3
lbj,LeBron James,2006-07,2007-03-05,CLE,HOU,41:38,32,12,8,0,0
lbj,LeBron James,2006-07,2007-03-07,CLE,DET,50:40,41,7,8,3,1
lbj,LeBron James,2006-07,2007-03-10,CLE,MIL,36:30,32,8,9,3,1
lbj,LeBron James,2006-07,2007-03-11,CLE,IND,38:42,26,7,6,3,1
lbj,LeBron James,2006-07,2007-03-14,CLE,MEM,29:35,29,6,4,3,0
lbj,LeBron James,2006-07,2007-03-17,CLE,UTA,43:40,24,17,9,2,2
lbj,LeBron James,2006-07,2007-03-20,CLE,CHA,46:33,37,6,6,1,3
lbj,LeBron James,2006-07,2007-03-21,CLE,DAL,45:27,31,6,4,2,3
lbj,LeBron James,2006-07,2007-03-23,CLE,NYK,38:16,21,3,10,2,0
lbj,LeBron James,2006-07,2007-03-25,CLE,DEN,40:49,18,3,8,1,0
lbj,LeBron James,2006-07,2007-03-27,CLE,IND,40:08,26,7,6,2,0
lbj,LeBron James,2006-07,2007-03-28,CLE,NYK,43:55,24,6,7,2,0
lbj,LeBron James,2006-07,2007-03-31,CLE,CHI,47:24,39,5,9,3,0
lbj,LeBron James,2006-07,2007-04-03,CLE,MIN,41:49,31,12,6,4,1
lbj,LeBron James,2006-07,2007-04-05,CLE,MIA,48:36,35,9,5,0,0
lbj,LeBron James,2006-07,2007-04-06,CLE,WAS,44:25,25,6,5,1,1
lbj,LeBron James,2006-07,2007-04-08,CLE,DET,43:06,20,5,6,1,0
lbj,LeBron James,2006-07,2007-04-12,CLE,NJN,35:15,35,8,4,2,1
lbj,LeBron James,2006-07,2007-04-14,CLE,ATL,31:57,23,5,6,1,1
lbj,LeBron James,2006-07,2007-04-17,CLE,PHI,36:03,18,5,6,0,0
lbj,LeBron James,2006-07,2007-04-18,CLE,MIL,39:58,24,5,9,2,0
lbj,LeBron James,2006-07,nan,nan,nan,3195,2132,526,470,125,55
lbj,LeBron James,2007-08,2007-10-31,CLE,DAL,36:09,10,5,4,1,0
lbj,LeBron James,2007-08,2007-11-02,CLE,NYK,44:25,45,7,7,3,1
lbj,LeBron James,2007-08,2007-11-04,CLE,PHO,43:13,27,5,8,2,4
lbj,LeBron James,2007-08,2007-11-06,CLE,GSW,41:51,24,13,9,0,3
lbj,LeBron James,2007-08,2007-11-07,CLE,UTA,40:45,32,15,13,3,2
lbj,LeBron James,2007-08,2007-11-09,CLE,SAC,43:51,26,4,4,1,1
lbj,LeBron James,2007-08,2007-11-11,CLE,LAC,35:55,22,5,8,6,1
lbj,LeBron James,2007-08,2007-11-12,CLE,DEN,33:47,27,1,4,2,0
lbj,LeBron James,2007-08,2007-11-14,CLE,ORL,47:14,39,13,14,0,2
lbj,LeBron James,2007-08,2007-11-16,CLE,UTA,40:16,40,10,9,0,3
lbj,LeBron James,2007-08,2007-11-20,CLE,MIL,44:06,34,7,7,1,1
lbj,LeBron James,2007-08,2007-11-21,CLE,MIN,39:03,45,8,5,3,2
lbj,LeBron James,2007-08,2007-11-24,CLE,TOR,44:41,37,12,12,3,1
lbj,LeBron James,2007-08,2007-11-25,CLE,IND,35:47,30,11,10,4,1
lbj,LeBron James,2007-08,2007-11-27,CLE,BOS,45:46,38,4,13,2,2
lbj,LeBron James,2007-08,2007-11-28,CLE,DET,19:31,15,1,3,0,0
lbj,LeBron James,2007-08,2007-12-11,CLE,IND,22:37,17,3,5,1,1
lbj,LeBron James,2007-08,2007-12-14,CLE,NJN,41:09,29,6,8,2,0
lbj,LeBron James,2007-08,2007-12-15,CLE,PHI,41:46,21,6,6,0,1
lbj,LeBron James,2007-08,2007-12-17,CLE,MIL,50:13,31,8,5,1,0
lbj,LeBron James,2007-08,2007-12-19,CLE,NYK,36:52,32,8,6,6,0
lbj,LeBron James,2007-08,2007-12-20,CLE,LAL,38:28,33,10,5,1,1
lbj,LeBron James,2007-08,2007-12-23,CLE,GSW,40:51,25,5,8,1,1
lbj,LeBron James,2007-08,2007-12-25,CLE,MIA,38:36,25,6,12,1,1
lbj,LeBron James,2007-08,2007-12-27,CLE,DAL,36:19,24,8,7,3,0
lbj,LeBron James,2007-08,2007-12-29,CLE,NOH,42:21,21,5,6,1,0
lbj,LeBron James,2007-08,2008-01-02,CLE,ATL,40:05,36,5,6,2,1
lbj,LeBron James,2007-08,2008-01-04,CLE,SAC,45:21,24,8,10,5,1
lbj,LeBron James,2007-08,2008-01-06,CLE,TOR,45:44,39,11,8,0,0
lbj,LeBron James,2007-08,2008-01-08,CLE,SEA,35:10,22,8,3,2,0
lbj,LeBron James,2007-08,2008-01-09,CLE,ATL,43:23,31,10,6,3,1
lbj,LeBron James,2007-08,2008-01-11,CLE,CHA,49:36,31,19,8,4,3
lbj,LeBron James,2007-08,2008-01-15,CLE,MEM,47:10,51,8,9,3,1
lbj,LeBron James,2007-08,2008-01-17,CLE,SAS,38:54,27,9,7,0,2
lbj,LeBron James,2007-08,2008-01-21,CLE,MIA,39:40,28,3,5,4,1
lbj,LeBron James,2007-08,2008-01-23,CLE,WAS,31:08,23,8,8,2,1
lbj,LeBron James,2007-08,2008-01-25,CLE,PHO,39:26,36,7,5,2,0
lbj,LeBron James,2007-08,2008-01-27,CLE,LAL,44:08,41,9,4,2,0
lbj,LeBron James,2007-08,2008-01-30,CLE,POR,43:53,37,14,4,2,2
lbj,LeBron James,2007-08,2008-02-02,CLE,LAC,43:48,28,11,7,2,1
lbj,LeBron James,2007-08,2008-02-05,CLE,BOS,42:24,33,9,12,5,2
lbj,LeBron James,2007-08,2008-02-07,CLE,HOU,41:13,32,7,6,2,2
lbj,LeBron James,2007-08,2008-02-08,CLE,ATL,44:00,26,11,7,2,1
lbj,LeBron James,2007-08,2008-02-10,CLE,DEN,32:36,30,5,3,2,0
lbj,LeBron James,2007-08,2008-02-11,CLE,ORL,43:51,29,7,10,3,1
lbj,LeBron James,2007-08,2008-02-13,CLE,SAS,42:44,39,6,9,0,1
lbj,LeBron James,2007-08,2008-02-19,CLE,HOU,42:08,26,13,11,2,0
lbj,LeBron James,2007-08,2008-02-20,CLE,IND,43:14,31,14,12,2,1
lbj,LeBron James,2007-08,2008-02-22,CLE,WAS,44:32,33,15,8,1,1
lbj,LeBron James,2007-08,2008-02-24,CLE,MEM,39:02,25,7,11,3,1
lbj,LeBron James,2007-08,2008-02-26,CLE,MIL,37:50,35,4,6,0,1
lbj,LeBron James,2007-08,2008-02-27,CLE,BOS,39:00,26,8,4,0,0
lbj,LeBron James,2007-08,2008-02-29,CLE,MIN,43:35,30,8,13,2,0
lbj,LeBron James,2007-08,2008-03-02,CLE,CHI,39:51,37,6,6,1,0
lbj,LeBron James,2007-08,2008-03-05,CLE,NYK,43:50,50,8,10,4,0
lbj,LeBron James,2007-08,2008-03-06,CLE,CHI,37:55,39,3,1,1,3
lbj,LeBron James,2007-08,2008-03-08,CLE,IND,38:13,38,11,4,1,2
lbj,LeBron James,2007-08,2008-03-10,CLE,POR,43:41,24,10,11,1,2
lbj,LeBron James,2007-08,2008-03-12,CLE,NJN,45:41,42,11,7,1,2
lbj,LeBron James,2007-08,2008-03-13,CLE,WAS,43:23,25,7,7,0,0
lbj,LeBron James,2007-08,2008-03-16,CLE,CHA,41:40,33,7,10,1,2
lbj,LeBron James,2007-08,2008-03-17,CLE,ORL,42:14,30,9,6,0,1
lbj,LeBron James,2007-08,2008-03-19,CLE,DET,41:04,30,7,6,1,1
lbj,LeBron James,2007-08,2008-03-21,CLE,TOR,41:24,29,12,5,1,0
lbj,LeBron James,2007-08,2008-03-22,CLE,MIL,38:35,29,11,4,2,0
lbj,LeBron James,2007-08,2008-03-26,CLE,NOH,40:33,21,3,8,2,2
lbj,LeBron James,2007-08,2008-03-29,CLE,DET,35:18,13,4,5,0,0
lbj,LeBron James,2007-08,2008-03-30,CLE,PHI,41:47,26,9,9,3,1
lbj,LeBron James,2007-08,2008-04-02,CLE,CHA,31:13,29,4,5,3,2
lbj,LeBron James,2007-08,2008-04-03,CLE,CHI,38:30,33,5,4,2,2
lbj,LeBron James,2007-08,2008-04-05,CLE,ORL,42:22,17,7,9,2,2
lbj,LeBron James,2007-08,2008-04-09,CLE,NJN,35:22,33,7,8,1,2
lbj,LeBron James,2007-08,2008-04-11,CLE,CHI,38:11,34,6,2,3,0
lbj,LeBron James,2007-08,2008-04-13,CLE,MIA,35:15,13,11,7,1,2
lbj,LeBron James,2007-08,2008-04-14,CLE,PHI,41:41,27,4,5,2,1
lbj,LeBron James,2007-08,nan,nan,nan,3028,2250,592,539,138,81
lbj,LeBron James,2008-09,2008-10-28,CLE,BOS,36:00,22,7,6,2,1
lbj,LeBron James,2008-09,2008-10-30,CLE,CHA,30:16,22,9,9,0,1
lbj,LeBron James,2008-09,2008-11-01,CLE,NOH,37:43,15,7,13,3,0
lbj,LeBron James,2008-09,2008-11-03,CLE,DAL,34:08,29,8,3,2,1
lbj,LeBron James,2008-09,2008-11-05,CLE,CHI,35:50,41,9,6,4,0
lbj,LeBron James,2008-09,2008-11-07,CLE,IND,39:20,27,9,8,1,4
lbj,LeBron James,2008-09,2008-11-08,CLE,CHI,39:12,41,13,4,0,0
lbj,LeBron James,2008-09,2008-11-11,CLE,MIL,42:46,41,5,6,3,0
lbj,LeBron James,2008-09,2008-11-13,CLE,DEN,38:02,22,8,11,3,0
lbj,LeBron James,2008-09,2008-11-15,CLE,UTA,42:03,38,5,7,2,2
lbj,LeBron James,2008-09,2008-11-18,CLE,NJN,35:58,31,8,4,0,1
lbj,LeBron James,2008-09,2008-11-19,CLE,DET,39:30,25,6,6,4,0
lbj,LeBron James,2008-09,2008-11-22,CLE,ATL,36:35,24,7,8,2,0
lbj,LeBron James,2008-09,2008-11-25,CLE,NYK,30:20,26,4,1,1,1
lbj,LeBron James,2008-09,2008-11-26,CLE,OKC,17:08,14,3,3,1,3
lbj,LeBron James,2008-09,2008-11-28,CLE,GSW,30:39,23,7,8,3,1
lbj,LeBron James,2008-09,2008-11-29,CLE,MIL,41:22,32,7,5,2,1
lbj,LeBron James,2008-09,2008-12-03,CLE,NYK,28:09,21,5,6,5,1
lbj,LeBron James,2008-09,2008-12-05,CLE,IND,37:37,11,8,11,1,3
lbj,LeBron James,2008-09,2008-12-06,CLE,CHA,27:40,25,5,4,2,2
lbj,LeBron James,2008-09,2008-12-09,CLE,TOR,30:24,31,5,4,3,0
lbj,LeBron James,2008-09,2008-12-10,CLE,PHI,39:04,29,4,5,0,2
lbj,LeBron James,2008-09,2008-12-12,CLE,PHI,36:50,28,7,7,1,3
lbj,LeBron James,2008-09,2008-12-13,CLE,ATL,45:40,33,6,9,4,1
lbj,LeBron James,2008-09,2008-12-17,CLE,MIN,39:38,32,6,3,2,2
lbj,LeBron James,2008-09,2008-12-19,CLE,DEN,38:45,33,10,8,0,0
lbj,LeBron James,2008-09,2008-12-21,CLE,OKC,42:46,31,4,7,3,1
lbj,LeBron James,2008-09,2008-12-23,CLE,HOU,38:20,27,9,5,3,1
lbj,LeBron James,2008-09,2008-12-25,CLE,WAS,38:13,18,5,6,3,1
lbj,LeBron James,2008-09,2008-12-28,CLE,MIA,42:31,33,6,9,0,1
lbj,LeBron James,2008-09,2008-12-30,CLE,MIA,43:29,38,2,7,0,2
lbj,LeBron James,2008-09,2009-01-02,CLE,CHI,37:16,16,10,11,2,3
lbj,LeBron James,2008-09,2009-01-04,CLE,WAS,40:46,30,6,10,1,2
lbj,LeBron James,2008-09,2009-01-07,CLE,CHA,30:59,21,4,4,2,2
lbj,LeBron James,2008-09,2009-01-09,CLE,BOS,35:49,38,7,6,4,3
lbj,LeBron James,2008-09,2009-01-13,CLE,MEM,40:12,30,11,10,3,1
lbj,LeBron James,2008-09,2009-01-15,CLE,CHI,44:19,28,14,7,1,1
lbj,LeBron James,2008-09,2009-01-16,CLE,NOH,42:59,29,14,7,3,1
lbj,LeBron James,2008-09,2009-01-19,CLE,LAL,42:10,23,9,4,4,1
lbj,LeBron James,2008-09,2009-01-21,CLE,POR,42:02,34,7,14,1,0
lbj,LeBron James,2008-09,2009-01-23,CLE,GSW,40:39,32,9,8,3,2
lbj,LeBron James,2008-09,2009-01-24,CLE,UTA,41:08,33,14,9,1,0
lbj,LeBron James,2008-09,2009-01-27,CLE,SAC,37:31,23,15,11,0,3
lbj,LeBron James,2008-09,2009-01-29,CLE,ORL,37:41,23,8,8,1,1
lbj,LeBron James,2008-09,2009-01-30,CLE,LAC,37:08,25,7,6,3,1
lbj,LeBron James,2008-09,2009-02-01,CLE,DET,38:50,33,4,8,1,1
lbj,LeBron James,2008-09,2009-02-03,CLE,TOR,37:31,33,7,4,1,2
lbj,LeBron James,2008-09,2009-02-04,CLE,NYK,44:03,52,9,11,0,2
lbj,LeBron James,2008-09,2009-02-08,CLE,LAL,40:08,16,8,12,0,0
lbj,LeBron James,2008-09,2009-02-10,CLE,IND,41:10,47,7,4,1,1
lbj,LeBron James,2008-09,2009-02-11,CLE,PHO,33:17,26,6,6,2,1
lbj,LeBron James,2008-09,2009-02-18,CLE,TOR,33:12,20,9,9,1,1
lbj,LeBron James,2008-09,2009-02-20,CLE,MIL,40:04,55,5,9,0,0
lbj,LeBron James,2008-09,2009-02-22,CLE,DET,30:34,20,5,9,2,1
lbj,LeBron James,2008-09,2009-02-24,CLE,MEM,29:40,15,5,8,0,1
lbj,LeBron James,2008-09,2009-02-26,CLE,HOU,33:51,21,1,0,1,2
lbj,LeBron James,2008-09,2009-02-27,CLE,SAS,32:08,30,14,4,2,0
lbj,LeBron James,2008-09,2009-03-01,CLE,ATL,43:43,26,6,11,1,2
lbj,LeBron James,2008-09,2009-03-02,CLE,MIA,43:40,42,8,4,1,1
lbj,LeBron James,2008-09,2009-03-04,CLE,MIL,33:12,23,8,4,1,0
lbj,LeBron James,2008-09,2009-03-06,CLE,BOS,38:17,21,6,5,1,0
lbj,LeBron James,2008-09,2009-03-07,CLE,MIA,43:19,14,10,12,1,1
lbj,LeBron James,2008-09,2009-03-10,CLE,LAC,43:42,32,13,11,2,2
lbj,LeBron James,2008-09,2009-03-12,CLE,PHO,43:27,34,10,13,3,3
lbj,LeBron James,2008-09,2009-03-13,CLE,SAC,46:59,51,4,9,2,3
lbj,LeBron James,2008-09,2009-03-15,CLE,NYK,39:52,19,8,10,4,3
lbj,LeBron James,2008-09,2009-03-17,CLE,ORL,42:40,43,12,8,4,1
lbj,LeBron James,2008-09,2009-03-19,CLE,POR,46:47,26,11,10,1,2
lbj,LeBron James,2008-09,2009-03-21,CLE,ATL,40:03,22,7,5,3,1
lbj,LeBron James,2008-09,2009-03-22,CLE,NJN,39:09,30,11,8,1,0
lbj,LeBron James,2008-09,2009-03-25,CLE,NJN,39:06,22,8,11,1,0
lbj,LeBron James,2008-09,2009-03-27,CLE,MIN,33:36,25,12,7,0,0
lbj,LeBron James,2008-09,2009-03-29,CLE,DAL,31:19,24,6,12,1,2
lbj,LeBron James,2008-09,2009-03-31,CLE,DET,40:36,25,12,3,3,1
lbj,LeBron James,2008-09,2009-04-02,CLE,WAS,38:20,31,9,6,0,0
lbj,LeBron James,2008-09,2009-04-03,CLE,ORL,32:00,26,9,5,1,0
lbj,LeBron James,2008-09,2009-04-05,CLE,SAS,36:43,38,7,6,1,0
lbj,LeBron James,2008-09,2009-04-08,CLE,WAS,30:51,21,6,7,3,0
lbj,LeBron James,2008-09,2009-04-10,CLE,PHI,36:34,27,2,10,0,1
lbj,LeBron James,2008-09,2009-04-12,CLE,BOS,30:22,29,4,7,1,1
lbj,LeBron James,2008-09,2009-04-13,CLE,IND,38:42,37,5,5,1,0
lbj,LeBron James,2008-09,nan,nan,nan,3057,2304,613,587,137,93
lbj,LeBron James,2009-10,2009-10-27,CLE,BOS,44:55,38,4,8,2,4
lbj,LeBron James,2009-10,2009-10-28,CLE,TOR,39:47,23,11,12,2,0
lbj,LeBron James,2009-10,2009-10-30,CLE,MIN,33:26,24,9,6,1,1
lbj,LeBron James,2009-10,2009-10-31,CLE,CHA,37:14,14,7,9,0,0
lbj,LeBron James,2009-10,2009-11-03,CLE,WAS,35:59,27,8,6,3,0
lbj,LeBron James,2009-10,2009-11-05,CLE,CHI,38:13,25,7,6,1,1
lbj,LeBron James,2009-10,2009-11-06,CLE,NYK,35:37,33,8,9,3,0
lbj,LeBron James,2009-10,2009-11-11,CLE,ORL,39:07,36,8,4,1,0
lbj,LeBron James,2009-10,2009-11-12,CLE,MIA,38:53,34,4,7,2,1
lbj,LeBron James,2009-10,2009-11-14,CLE,UTA,37:33,21,6,9,2,1
lbj,LeBron James,2009-10,2009-11-17,CLE,GSW,38:32,31,5,12,1,2
lbj,LeBron James,2009-10,2009-11-18,CLE,WAS,35:08,34,2,9,2,0
lbj,LeBron James,2009-10,2009-11-20,CLE,IND,37:53,40,9,7,1,1
lbj,LeBron James,2009-10,2009-11-21,CLE,PHI,38:32,32,7,9,0,0
lbj,LeBron James,2009-10,2009-11-25,CLE,DET,38:49,34,8,7,1,0
lbj,LeBron James,2009-10,2009-11-27,CLE,CHA,38:01,25,6,4,0,0
lbj,LeBron James,2009-10,2009-11-28,CLE,DAL,36:21,25,5,12,0,0
lbj,LeBron James,2009-10,2009-12-02,CLE,PHO,34:37,12,8,10,1,1
lbj,LeBron James,2009-10,2009-12-04,CLE,CHI,34:12,23,6,11,0,0
lbj,LeBron James,2009-10,2009-12-06,CLE,MIL,32:18,14,5,10,1,1
lbj,LeBron James,2009-10,2009-12-08,CLE,MEM,44:47,43,13,6,0,1
lbj,LeBron James,2009-10,2009-12-09,CLE,HOU,39:40,27,6,7,1,1
lbj,LeBron James,2009-10,2009-12-11,CLE,POR,37:36,33,7,7,1,2
lbj,LeBron James,2009-10,2009-12-13,CLE,OKC,38:35,44,7,6,4,1
lbj,LeBron James,2009-10,2009-12-15,CLE,NJN,40:28,23,6,7,2,0
lbj,LeBron James,2009-10,2009-12-16,CLE,PHI,40:17,36,6,7,3,1
lbj,LeBron James,2009-10,2009-12-18,CLE,MIL,38:22,26,10,8,0,3
lbj,LeBron James,2009-10,2009-12-20,CLE,DAL,43:05,25,3,6,2,2
lbj,LeBron James,2009-10,2009-12-21,CLE,PHO,38:26,29,6,4,2,0
lbj,LeBron James,2009-10,2009-12-23,CLE,SAC,43:41,34,16,10,0,0
lbj,LeBron James,2009-10,2009-12-25,CLE,LAL,40:44,26,4,9,2,1
lbj,LeBron James,2009-10,2009-12-27,CLE,HOU,29:26,29,5,6,3,1
lbj,LeBron James,2009-10,2009-12-29,CLE,ATL,39:36,14,8,10,5,1
lbj,LeBron James,2009-10,2009-12-30,CLE,ATL,43:12,48,10,6,2,2
lbj,LeBron James,2009-10,2010-01-02,CLE,NJN,36:27,28,9,7,1,2
lbj,LeBron James,2009-10,2010-01-03,CLE,CHA,42:51,29,7,6,1,1
lbj,LeBron James,2009-10,2010-01-06,CLE,WAS,30:50,23,7,8,1,2
lbj,LeBron James,2009-10,2010-01-08,CLE,DEN,41:18,35,6,7,1,0
lbj,LeBron James,2009-10,2010-01-10,CLE,POR,45:16,41,10,8,0,1
lbj,LeBron James,2009-10,2010-01-11,CLE,GSW,41:37,37,8,11,2,4
lbj,LeBron James,2009-10,2010-01-14,CLE,UTA,40:25,36,9,6,5,1
lbj,LeBron James,2009-10,2010-01-16,CLE,LAC,38:54,32,4,4,2,1
lbj,LeBron James,2009-10,2010-01-19,CLE,TOR,41:01,28,9,11,3,3
lbj,LeBron James,2009-10,2010-01-21,CLE,LAL,40:24,37,5,9,2,1
lbj,LeBron James,2009-10,2010-01-23,CLE,OKC,42:38,37,9,12,1,1
lbj,LeBron James,2009-10,2010-01-25,CLE,MIA,38:31,32,9,4,1,0
lbj,LeBron James,2009-10,2010-01-27,CLE,MIN,30:33,12,6,11,1,1
lbj,LeBron James,2009-10,2010-01-29,CLE,IND,35:39,22,9,13,2,4
lbj,LeBron James,2009-10,2010-01-31,CLE,LAC,39:55,32,3,11,1,0
lbj,LeBron James,2009-10,2010-02-02,CLE,MEM,37:07,22,6,15,1,1
lbj,LeBron James,2009-10,2010-02-04,CLE,MIA,40:06,36,7,8,2,0
lbj,LeBron James,2009-10,2010-02-06,CLE,NYK,43:51,47,8,8,5,0
lbj,LeBron James,2009-10,2010-02-09,CLE,NJN,42:21,32,3,11,1,0
lbj,LeBron James,2009-10,2010-02-11,CLE,ORL,45:05,32,8,13,2,0
lbj,LeBron James,2009-10,2010-02-18,CLE,DEN,47:00,43,13,15,2,4
lbj,LeBron James,2009-10,2010-02-19,CLE,CHA,35:30,22,3,9,4,0
lbj,LeBron James,2009-10,2010-02-21,CLE,ORL,39:23,33,9,6,2,1
lbj,LeBron James,2009-10,2010-02-23,CLE,NOH,44:07,20,5,13,2,0
lbj,LeBron James,2009-10,2010-02-25,CLE,BOS,35:57,36,7,9,0,0
lbj,LeBron James,2009-10,2010-02-26,CLE,TOR,44:24,36,6,9,2,0
lbj,LeBron James,2009-10,2010-03-01,CLE,NYK,31:14,22,7,7,2,2
lbj,LeBron James,2009-10,2010-03-03,CLE,NJN,40:41,26,7,14,3,1
lbj,LeBron James,2009-10,2010-03-05,CLE,DET,41:52,40,13,6,3,2
lbj,LeBron James,2009-10,2010-03-12,CLE,PHI,42:06,23,6,10,1,3
lbj,LeBron James,2009-10,2010-03-14,CLE,BOS,38:52,30,8,7,2,3
lbj,LeBron James,2009-10,2010-03-16,CLE,DET,43:07,29,12,12,1,1
lbj,LeBron James,2009-10,2010-03-17,CLE,IND,38:43,32,9,9,3,2
lbj,LeBron James,2009-10,2010-03-19,CLE,CHI,37:31,29,11,7,2,2
lbj,LeBron James,2009-10,2010-03-21,CLE,DET,30:48,15,3,7,0,1
lbj,LeBron James,2009-10,2010-03-24,CLE,NOH,40:45,38,6,9,1,0
lbj,LeBron James,2009-10,2010-03-26,CLE,SAS,39:18,27,5,10,2,0
lbj,LeBron James,2009-10,2010-03-28,CLE,SAC,39:05,34,7,8,3,0
lbj,LeBron James,2009-10,2010-03-31,CLE,MIL,39:05,23,9,7,1,1
lbj,LeBron James,2009-10,2010-04-02,CLE,ATL,38:22,27,13,6,2,0
lbj,LeBron James,2009-10,2010-04-04,CLE,BOS,44:32,42,7,9,1,1
lbj,LeBron James,2009-10,2010-04-06,CLE,TOR,35:34,19,6,13,0,1
lbj,LeBron James,2009-10,nan,nan,nan,2968,2258,554,651,125,77
lbj,LeBron James,2010-11,2010-10-26,MIA,BOS,42:39,31,4,3,1,2
lbj,LeBron James,2010-11,2010-10-27,MIA,PHI,37:33,16,6,7,2,1
lbj,LeBron James,2010-11,2010-10-29,MIA,ORL,30:02,15,6,7,0,0
lbj,LeBron James,2010-11,2010-10-31,MIA,NJN,28:57,20,7,7,2,0
lbj,LeBron James,2010-11,2010-11-02,MIA,MIN,32:26,20,0,12,2,1
lbj,LeBron James,2010-11,2010-11-05,MIA,NOH,41:12,20,7,10,3,1
lbj,LeBron James,2010-11,2010-11-06,MIA,NJN,33:35,23,3,9,2,0
lbj,LeBron James,2010-11,2010-11-09,MIA,UTA,46:44,20,11,14,1,3
lbj,LeBron James,2010-11,2010-11-11,MIA,BOS,44:28,35,10,9,3,0
lbj,LeBron James,2010-11,2010-11-13,MIA,TOR,39:20,23,2,11,2,0
lbj,LeBron James,2010-11,2010-11-17,MIA,PHO,23:03,20,8,9,3,0
lbj,LeBron James,2010-11,2010-11-19,MIA,CHA,39:29,32,2,5,2,0
lbj,LeBron James,2010-11,2010-11-20,MIA,MEM,42:06,29,3,11,1,0
lbj,LeBron James,2010-11,2010-11-22,MIA,IND,41:34,25,5,6,1,0
lbj,LeBron James,2010-11,2010-11-24,MIA,ORL,40:44,25,6,4,1,0
lbj,LeBron James,2010-11,2010-11-26,MIA,PHI,40:34,20,8,6,2,1
lbj,LeBron James,2010-11,2010-11-27,MIA,DAL,36:04,23,8,4,1,0
lbj,LeBron James,2010-11,2010-11-29,MIA,WAS,38:11,30,6,5,1,1
lbj,LeBron James,2010-11,2010-12-01,MIA,DET,31:14,18,6,3,1,0
lbj,LeBron James,2010-11,2010-12-02,MIA,CLE,30:02,38,5,8,1,1
lbj,LeBron James,2010-11,2010-12-04,MIA,ATL,37:19,22,7,4,1,1
lbj,LeBron James,2010-11,2010-12-06,MIA,MIL,38:41,17,6,6,1,1
lbj,LeBron James,2010-11,2010-12-08,MIA,UTA,39:26,33,7,9,0,0
lbj,LeBron James,2010-11,2010-12-10,MIA,GSW,30:43,25,7,9,1,1
lbj,LeBron James,2010-11,2010-12-11,MIA,SAC,35:11,25,10,3,2,0
lbj,LeBron James,2010-11,2010-12-13,MIA,NOH,40:18,20,4,7,0,0
lbj,LeBron James,2010-11,2010-12-15,MIA,CLE,38:31,21,13,5,1,0
lbj,LeBron James,2010-11,2010-12-17,MIA,NYK,38:13,32,11,10,1,0
lbj,LeBron James,2010-11,2010-12-18,MIA,WAS,40:31,32,7,6,1,0
lbj,LeBron James,2010-11,2010-12-20,MIA,DAL,36:05,19,10,7,0,0
lbj,LeBron James,2010-11,2010-12-23,MIA,PHO,37:23,36,6,4,3,0
lbj,LeBron James,2010-11,2010-12-25,MIA,LAL,38:11,27,11,10,4,0
lbj,LeBron James,2010-11,2010-12-28,MIA,NYK,40:25,18,10,8,0,0
lbj,LeBron James,2010-11,2010-12-29,MIA,HOU,39:09,20,6,9,1,0
lbj,LeBron James,2010-11,2011-01-01,MIA,GSW,41:31,25,7,10,1,1
lbj,LeBron James,2010-11,2011-01-03,MIA,CHA,36:34,38,9,5,1,0
lbj,LeBron James,2010-11,2011-01-04,MIA,MIL,36:35,25,6,9,0,2
lbj,LeBron James,2010-11,2011-01-07,MIA,MIL,45:16,26,10,5,6,1
lbj,LeBron James,2010-11,2011-01-09,MIA,POR,46:11,44,13,6,2,0
lbj,LeBron James,2010-11,2011-01-12,MIA,LAC,39:44,27,8,6,0,0
lbj,LeBron James,2010-11,2011-01-18,MIA,ATL,44:17,34,10,7,2,0
lbj,LeBron James,2010-11,2011-01-22,MIA,TOR,38:00,38,11,6,2,1
lbj,LeBron James,2010-11,2011-01-27,MIA,NYK,42:32,24,11,5,2,2
lbj,LeBron James,2010-11,2011-01-28,MIA,DET,44:19,39,8,9,1,2
lbj,LeBron James,2010-11,2011-01-30,MIA,OKC,40:13,23,4,13,4,3
lbj,LeBron James,2010-11,2011-01-31,MIA,CLE,31:22,24,4,8,0,2
lbj,LeBron James,2010-11,2011-02-03,MIA,ORL,42:39,51,11,8,1,1
lbj,LeBron James,2010-11,2011-02-04,MIA,CHA,36:39,19,8,9,0,0
lbj,LeBron James,2010-11,2011-02-06,MIA,LAC,35:37,12,6,4,4,0
lbj,LeBron James,2010-11,2011-02-08,MIA,IND,41:44,41,13,8,3,1
lbj,LeBron James,2010-11,2011-02-11,MIA,DET,34:43,16,8,10,4,0
lbj,LeBron James,2010-11,2011-02-13,MIA,BOS,43:28,22,7,7,1,0
lbj,LeBron James,2010-11,2011-02-15,MIA,IND,40:55,27,6,5,2,2
lbj,LeBron James,2010-11,2011-02-16,MIA,TOR,37:38,23,13,8,0,0
lbj,LeBron James,2010-11,2011-02-22,MIA,SAC,30:24,31,8,3,0,0
lbj,LeBron James,2010-11,2011-02-24,MIA,CHI,41:26,29,10,5,2,1
lbj,LeBron James,2010-11,2011-02-25,MIA,WAS,42:46,25,9,7,1,3
lbj,LeBron James,2010-11,2011-02-27,MIA,NYK,39:08,27,7,5,3,1
lbj,LeBron James,2010-11,2011-03-03,MIA,ORL,39:56,29,6,4,0,2
lbj,LeBron James,2010-11,2011-03-04,MIA,SAS,36:08,26,8,7,1,0
lbj,LeBron James,2010-11,2011-03-06,MIA,CHI,41:50,26,8,6,2,0
lbj,LeBron James,2010-11,2011-03-08,MIA,POR,45:32,31,11,8,1,0
lbj,LeBron James,2010-11,2011-03-10,MIA,LAL,42:16,19,8,9,1,0
lbj,LeBron James,2010-11,2011-03-12,MIA,MEM,31:55,27,5,5,1,2
lbj,LeBron James,2010-11,2011-03-14,MIA,SAS,41:31,21,6,8,0,2
lbj,LeBron James,2010-11,2011-03-16,MIA,OKC,39:30,19,8,3,1,1
lbj,LeBron James,2010-11,2011-03-18,MIA,ATL,30:54,43,2,3,0,0
lbj,LeBron James,2010-11,2011-03-19,MIA,DEN,40:40,33,6,2,2,0
lbj,LeBron James,2010-11,2011-03-23,MIA,DET,42:05,19,8,7,0,0
lbj,LeBron James,2010-11,2011-03-25,MIA,PHI,41:01,32,10,2,3,1
lbj,LeBron James,2010-11,2011-03-27,MIA,HOU,40:27,33,10,7,0,0
lbj,LeBron James,2010-11,2011-03-29,MIA,CLE,43:17,27,10,12,0,0
lbj,LeBron James,2010-11,2011-03-30,MIA,WAS,43:49,35,8,8,5,0
lbj,LeBron James,2010-11,2011-04-01,MIA,MIN,42:53,27,6,10,3,1
lbj,LeBron James,2010-11,2011-04-03,MIA,NJN,38:55,31,11,7,3,0
lbj,LeBron James,2010-11,2011-04-06,MIA,MIL,39:25,29,2,8,2,2
lbj,LeBron James,2010-11,2011-04-08,MIA,CHA,37:23,23,7,9,2,1
lbj,LeBron James,2010-11,2011-04-10,MIA,BOS,37:11,27,5,7,4,1
lbj,LeBron James,2010-11,2011-04-11,MIA,ATL,42:39,34,10,7,3,0
lbj,LeBron James,2010-11,nan,nan,nan,3064,2111,590,554,124,50
lbj,LeBron James,2011-12,2011-12-25,MIA,DAL,36:16,37,10,6,2,2
lbj,LeBron James,2011-12,2011-12-27,MIA,BOS,36:00,26,6,5,2,1
lbj,LeBron James,2011-12,2011-12-28,MIA,CHA,38:49,35,6,7,3,2
lbj,LeBron James,2011-12,2011-12-30,MIA,MIN,37:13,34,8,10,4,1
lbj,LeBron James,2011-12,2012-01-01,MIA,CHA,28:02,16,9,5,1,0
lbj,LeBron James,2011-12,2012-01-02,MIA,ATL,38:33,28,7,6,0,0
lbj,LeBron James,2011-12,2012-01-04,MIA,IND,37:41,33,8,13,2,0
lbj,LeBron James,2011-12,2012-01-07,MIA,NJN,37:23,32,7,9,2,1
lbj,LeBron James,2011-12,2012-01-10,MIA,GSW,42:33,26,11,7,2,0
lbj,LeBron James,2011-12,2012-01-11,MIA,LAC,41:53,23,13,7,2,0
lbj,LeBron James,2011-12,2012-01-13,MIA,DEN,37:11,35,5,6,2,1
lbj,LeBron James,2011-12,2012-01-17,MIA,SAS,34:53,33,5,10,0,0
lbj,LeBron James,2011-12,2012-01-19,MIA,LAL,37:13,31,8,8,4,3
lbj,LeBron James,2011-12,2012-01-21,MIA,PHI,35:47,28,9,5,4,3
lbj,LeBron James,2011-12,2012-01-22,MIA,MIL,37:22,28,13,5,1,0
lbj,LeBron James,2011-12,2012-01-24,MIA,CLE,37:48,18,5,5,2,0
lbj,LeBron James,2011-12,2012-01-25,MIA,DET,41:39,32,6,7,2,0
lbj,LeBron James,2011-12,2012-01-27,MIA,NYK,40:17,31,8,7,0,0
lbj,LeBron James,2011-12,2012-01-29,MIA,CHI,40:58,35,11,5,0,1
lbj,LeBron James,2011-12,2012-01-30,MIA,NOH,29:44,22,11,8,1,0
lbj,LeBron James,2011-12,2012-02-01,MIA,MIL,40:17,40,8,5,2,0
lbj,LeBron James,2011-12,2012-02-03,MIA,PHI,37:13,19,12,8,0,2
lbj,LeBron James,2011-12,2012-02-05,MIA,TOR,38:29,30,9,2,1,0
lbj,LeBron James,2011-12,2012-02-07,MIA,CLE,38:40,24,5,6,2,0
lbj,LeBron James,2011-12,2012-02-08,MIA,ORL,39:15,17,6,10,3,0
lbj,LeBron James,2011-12,2012-02-10,MIA,WAS,33:17,18,2,9,0,2
lbj,LeBron James,2011-12,2012-02-12,MIA,ATL,30:26,23,13,6,1,0
lbj,LeBron James,2011-12,2012-02-13,MIA,MIL,32:54,35,8,3,1,0
lbj,LeBron James,2011-12,2012-02-14,MIA,IND,33:24,23,9,7,4,0
lbj,LeBron James,2011-12,2012-02-17,MIA,CLE,30:08,28,5,5,1,1
lbj,LeBron James,2011-12,2012-02-19,MIA,ORL,36:38,25,11,8,2,0
lbj,LeBron James,2011-12,2012-02-21,MIA,SAC,33:13,18,4,8,0,2
lbj,LeBron James,2011-12,2012-02-23,MIA,NYK,40:41,20,9,8,5,2
lbj,LeBron James,2011-12,2012-03-01,MIA,POR,41:02,38,11,6,5,1
lbj,LeBron James,2011-12,2012-03-02,MIA,UTA,44:24,35,10,6,0,3
lbj,LeBron James,2011-12,2012-03-04,MIA,LAL,43:02,25,13,7,3,2
lbj,LeBron James,2011-12,2012-03-06,MIA,NJN,29:36,21,9,6,0,0
lbj,LeBron James,2011-12,2012-03-07,MIA,ATL,41:40,31,11,2,1,2
lbj,LeBron James,2011-12,2012-03-10,MIA,IND,47:06,27,8,4,4,1
lbj,LeBron James,2011-12,2012-03-13,MIA,ORL,42:25,19,11,8,1,1
lbj,LeBron James,2011-12,2012-03-14,MIA,CHI,39:38,35,5,4,4,0
lbj,LeBron James,2011-12,2012-03-16,MIA,PHI,38:15,29,7,8,2,2
lbj,LeBron James,2011-12,2012-03-18,MIA,ORL,38:58,14,12,7,5,0
lbj,LeBron James,2011-12,2012-03-20,MIA,PHO,37:54,20,8,6,2,2
lbj,LeBron James,2011-12,2012-03-23,MIA,DET,37:26,17,6,10,4,1
lbj,LeBron James,2011-12,2012-03-25,MIA,OKC,39:36,17,3,7,2,0
lbj,LeBron James,2011-12,2012-03-26,MIA,IND,40:49,24,9,2,1,0
lbj,LeBron James,2011-12,2012-03-29,MIA,DAL,36:13,19,9,5,2,0
lbj,LeBron James,2011-12,2012-03-30,MIA,TOR,38:31,26,4,9,1,0
lbj,LeBron James,2011-12,2012-04-01,MIA,BOS,34:37,23,4,0,0,1
lbj,LeBron James,2011-12,2012-04-03,MIA,PHI,38:04,41,6,4,3,1
lbj,LeBron James,2011-12,2012-04-04,MIA,OKC,41:30,34,7,10,4,1
lbj,LeBron James,2011-12,2012-04-06,MIA,MEM,37:38,21,6,6,2,0
lbj,LeBron James,2011-12,2012-04-08,MIA,DET,32:15,26,4,2,0,1
lbj,LeBron James,2011-12,2012-04-10,MIA,BOS,40:51,36,7,7,1,1
lbj,LeBron James,2011-12,2012-04-12,MIA,CHI,47:18,30,6,5,1,1
lbj,LeBron James,2011-12,2012-04-13,MIA,CHA,28:44,19,9,5,2,1
lbj,LeBron James,2011-12,2012-04-15,MIA,NYK,40:15,29,10,3,2,0
lbj,LeBron James,2011-12,2012-04-16,MIA,NJN,35:12,37,6,7,2,1
lbj,LeBron James,2011-12,2012-04-18,MIA,TOR,30:12,28,5,4,2,0
lbj,LeBron James,2011-12,2012-04-19,MIA,CHI,35:20,27,11,6,0,1
lbj,LeBron James,2011-12,2012-04-22,MIA,HOU,35:52,32,8,5,1,2
lbj,LeBron James,2011-12,nan,nan,nan,2326,1683,492,387,115,50
lbj,LeBron James,2012-13,2012-10-30,MIA,BOS,28:52,26,10,3,2,0
lbj,LeBron James,2012-13,2012-11-02,MIA,NYK,36:41,23,7,5,0,3
lbj,LeBron James,2012-13,2012-11-03,MIA,DEN,39:12,20,9,11,0,2
lbj,LeBron James,2012-13,2012-11-05,MIA,PHO,30:11,23,11,1,0,0
lbj,LeBron James,2012-13,2012-11-07,MIA,BRK,29:59,20,12,8,1,0
lbj,LeBron James,2012-13,2012-11-09,MIA,ATL,35:40,21,11,9,1,0
lbj,LeBron James,2012-13,2012-11-11,MIA,MEM,35:43,20,10,6,2,1
lbj,LeBron James,2012-13,2012-11-12,MIA,HOU,39:55,38,10,6,0,0
lbj,LeBron James,2012-13,2012-11-14,MIA,LAC,41:13,30,5,7,1,2
lbj,LeBron James,2012-13,2012-11-15,MIA,DEN,41:57,27,7,12,1,3
lbj,LeBron James,2012-13,2012-11-17,MIA,PHO,40:43,21,7,3,2,0
lbj,LeBron James,2012-13,2012-11-21,MIA,MIL,42:32,28,10,8,1,1
lbj,LeBron James,2012-13,2012-11-24,MIA,CLE,39:58,30,6,5,0,1
lbj,LeBron James,2012-13,2012-11-29,MIA,SAS,39:06,23,9,7,4,0
lbj,LeBron James,2012-13,2012-12-01,MIA,BRK,36:57,21,9,6,1,0
lbj,LeBron James,2012-13,2012-12-04,MIA,WAS,42:53,26,13,11,3,2
lbj,LeBron James,2012-13,2012-12-06,MIA,NYK,38:35,31,10,9,3,0
lbj,LeBron James,2012-13,2012-12-08,MIA,NOH,35:55,24,5,7,2,0
lbj,LeBron James,2012-13,2012-12-10,MIA,ATL,40:21,27,7,6,2,0
lbj,LeBron James,2012-13,2012-12-12,MIA,GSW,42:21,31,3,5,1,0
lbj,LeBron James,2012-13,2012-12-15,MIA,WAS,30:33,23,10,5,1,0
lbj,LeBron James,2012-13,2012-12-18,MIA,MIN,41:59,22,6,11,1,4
lbj,LeBron James,2012-13,2012-12-20,MIA,DAL,30:55,24,9,5,1,1
lbj,LeBron James,2012-13,2012-12-22,MIA,UTA,37:30,30,9,7,0,0
lbj,LeBron James,2012-13,2012-12-25,MIA,OKC,41:52,29,8,9,2,1
lbj,LeBron James,2012-13,2012-12-26,MIA,CHA,38:35,27,12,8,4,2
lbj,LeBron James,2012-13,2012-12-28,MIA,DET,44:19,35,6,5,6,1
lbj,LeBron James,2012-13,2012-12-29,MIA,MIL,36:29,26,6,7,2,1
lbj,LeBron James,2012-13,2012-12-31,MIA,ORL,47:53,36,8,11,1,0
lbj,LeBron James,2012-13,2013-01-02,MIA,DAL,42:01,32,12,9,3,1
lbj,LeBron James,2012-13,2013-01-04,MIA,CHI,41:05,30,6,2,1,0
lbj,LeBron James,2012-13,2013-01-06,MIA,WAS,34:57,24,2,7,0,1
lbj,LeBron James,2012-13,2013-01-08,MIA,IND,42:36,22,10,4,1,2
lbj,LeBron James,2012-13,2013-01-10,MIA,POR,42:39,15,10,9,2,1
lbj,LeBron James,2012-13,2013-01-12,MIA,SAC,29:08,20,5,7,5,2
lbj,LeBron James,2012-13,2013-01-14,MIA,UTA,43:41,32,4,6,3,2
lbj,LeBron James,2012-13,2013-01-16,MIA,GSW,30:32,25,7,10,1,0
lbj,LeBron James,2012-13,2013-01-17,MIA,LAL,42:04,39,7,8,3,1
lbj,LeBron James,2012-13,2013-01-23,MIA,TOR,44:50,31,10,11,0,0
lbj,LeBron James,2012-13,2013-01-25,MIA,DET,33:01,23,7,7,1,0
lbj,LeBron James,2012-13,2013-01-27,MIA,BOS,51:56,34,16,7,3,1
lbj,LeBron James,2012-13,2013-01-30,MIA,BRK,34:17,24,9,7,2,0
lbj,LeBron James,2012-13,2013-02-01,MIA,IND,41:58,28,6,3,1,1
lbj,LeBron James,2012-13,2013-02-03,MIA,TOR,39:44,30,8,7,2,0
lbj,LeBron James,2012-13,2013-02-04,MIA,CHA,38:00,31,8,8,2,0
lbj,LeBron James,2012-13,2013-02-06,MIA,HOU,36:37,32,6,5,0,2
lbj,LeBron James,2012-13,2013-02-08,MIA,LAC,30:59,30,5,6,0,2
lbj,LeBron James,2012-13,2013-02-10,MIA,LAL,36:15,32,7,4,3,0
lbj,LeBron James,2012-13,2013-02-12,MIA,POR,38:45,30,6,9,3,2
lbj,LeBron James,2012-13,2013-02-14,MIA,OKC,40:02,39,12,7,2,0
lbj,LeBron James,2012-13,2013-02-20,MIA,ATL,39:31,24,6,11,4,0
lbj,LeBron James,2012-13,2013-02-21,MIA,CHI,34:29,26,12,7,2,0
lbj,LeBron James,2012-13,2013-02-23,MIA,PHI,31:30,16,10,11,2,0
lbj,LeBron James,2012-13,2013-02-24,MIA,CLE,38:51,28,3,8,1,0
lbj,LeBron James,2012-13,2013-02-26,MIA,SAC,47:45,40,8,16,2,1
lbj,LeBron James,2012-13,2013-03-01,MIA,MEM,42:06,18,8,10,2,1
lbj,LeBron James,2012-13,2013-03-03,MIA,NYK,42:50,29,11,7,3,1
lbj,LeBron James,2012-13,2013-03-04,MIA,MIN,34:53,20,10,4,3,2
lbj,LeBron James,2012-13,2013-03-06,MIA,ORL,38:13,26,3,2,0,1
lbj,LeBron James,2012-13,2013-03-08,MIA,PHI,34:14,25,10,5,1,2
lbj,LeBron James,2012-13,2013-03-10,MIA,IND,36:21,13,6,7,1,1
lbj,LeBron James,2012-13,2013-03-12,MIA,ATL,30:07,15,7,7,2,0
lbj,LeBron James,2012-13,2013-03-13,MIA,PHI,37:14,27,7,8,2,1
lbj,LeBron James,2012-13,2013-03-15,MIA,MIL,38:14,28,10,7,0,1
lbj,LeBron James,2012-13,2013-03-17,MIA,TOR,33:50,22,12,8,2,0
lbj,LeBron James,2012-13,2013-03-18,MIA,BOS,42:15,37,7,12,2,2
lbj,LeBron James,2012-13,2013-03-20,MIA,CLE,42:19,25,12,10,3,2
lbj,LeBron James,2012-13,2013-03-22,MIA,DET,39:53,29,8,8,2,1
lbj,LeBron James,2012-13,2013-03-24,MIA,CHA,34:10,32,8,10,3,3
lbj,LeBron James,2012-13,2013-03-25,MIA,ORL,38:45,24,9,11,1,0
lbj,LeBron James,2012-13,2013-03-27,MIA,CHI,39:56,32,7,3,2,4
lbj,LeBron James,2012-13,2013-03-29,MIA,NOH,32:13,36,4,6,2,0
lbj,LeBron James,2012-13,2013-04-06,MIA,PHI,29:42,27,4,5,1,0
lbj,LeBron James,2012-13,2013-04-09,MIA,MIL,30:04,28,7,7,2,1
lbj,LeBron James,2012-13,2013-04-12,MIA,BOS,28:51,20,6,9,0,0
lbj,LeBron James,2012-13,2013-04-14,MIA,CHI,34:51,24,7,6,1,0
lbj,LeBron James,2012-13,nan,nan,nan,2881,2036,610,551,129,67
lbj,LeBron James,2013-14,2013-10-29,MIA,CHI,38:01,17,6,8,1,0
lbj,LeBron James,2013-14,2013-10-30,MIA,PHI,36:38,25,4,13,0,0
lbj,LeBron James,2013-14,2013-11-01,MIA,BRK,42:14,26,7,6,2,1
lbj,LeBron James,2013-14,2013-11-03,MIA,WAS,34:41,25,3,5,1,0
lbj,LeBron James,2013-14,2013-11-05,MIA,TOR,36:01,35,8,8,0,1
lbj,LeBron James,2013-14,2013-11-07,MIA,LAC,37:09,18,5,6,1,0
lbj,LeBron James,2013-14,2013-11-09,MIA,BOS,36:32,25,8,10,0,0
lbj,LeBron James,2013-14,2013-11-12,MIA,MIL,29:58,33,3,2,0,0
lbj,LeBron James,2013-14,2013-11-15,MIA,DAL,36:58,39,6,4,1,0
lbj,LeBron James,2013-14,2013-11-16,MIA,CHA,31:55,30,4,7,1,1
lbj,LeBron James,2013-14,2013-11-19,MIA,ATL,30:42,13,6,5,1,0
lbj,LeBron James,2013-14,2013-11-20,MIA,ORL,29:05,21,6,7,1,1
lbj,LeBron James,2013-14,2013-11-23,MIA,ORL,37:35,22,9,7,3,0
lbj,LeBron James,2013-14,2013-11-25,MIA,PHO,33:21,35,5,4,1,1
lbj,LeBron James,2013-14,2013-11-27,MIA,CLE,37:06,28,8,8,3,0
lbj,LeBron James,2013-14,2013-11-29,MIA,TOR,36:27,27,6,3,1,1
lbj,LeBron James,2013-14,2013-12-01,MIA,CHA,38:16,26,5,4,1,1
lbj,LeBron James,2013-14,2013-12-03,MIA,DET,36:58,23,5,6,2,1
lbj,LeBron James,2013-14,2013-12-05,MIA,CHI,33:18,21,5,2,3,0
lbj,LeBron James,2013-14,2013-12-07,MIA,MIN,30:34,21,14,8,2,0
lbj,LeBron James,2013-14,2013-12-08,MIA,DET,35:01,24,7,9,2,0
lbj,LeBron James,2013-14,2013-12-10,MIA,IND,38:32,17,14,6,2,0
lbj,LeBron James,2013-14,2013-12-14,MIA,CLE,40:37,25,9,9,4,0
lbj,LeBron James,2013-14,2013-12-16,MIA,UTA,33:49,30,9,9,1,0
lbj,LeBron James,2013-14,2013-12-18,MIA,IND,36:14,24,9,7,3,0
lbj,LeBron James,2013-14,2013-12-20,MIA,SAC,30:40,18,6,8,1,1
lbj,LeBron James,2013-14,2013-12-23,MIA,ATL,45:38,38,8,6,2,0
lbj,LeBron James,2013-14,2013-12-25,MIA,LAL,35:48,19,8,4,0,0
lbj,LeBron James,2013-14,2013-12-27,MIA,SAC,43:43,33,8,8,0,0
lbj,LeBron James,2013-14,2013-12-30,MIA,DEN,39:44,26,6,10,0,1
lbj,LeBron James,2013-14,2014-01-02,MIA,GSW,39:34,26,5,5,0,1
lbj,LeBron James,2013-14,2014-01-04,MIA,ORL,35:55,15,8,8,1,0
lbj,LeBron James,2013-14,2014-01-05,MIA,TOR,37:47,30,4,5,1,0
lbj,LeBron James,2013-14,2014-01-07,MIA,NOP,35:15,32,3,5,2,0
lbj,LeBron James,2013-14,2014-01-09,MIA,NYK,41:25,32,5,6,1,1
lbj,LeBron James,2013-14,2014-01-10,MIA,BRK,49:22,36,7,5,0,0
lbj,LeBron James,2013-14,2014-01-15,MIA,WAS,41:04,25,8,7,2,0
lbj,LeBron James,2013-14,2014-01-17,MIA,PHI,36:31,21,8,10,2,1
lbj,LeBron James,2013-14,2014-01-18,MIA,CHA,44:52,34,8,6,1,0
lbj,LeBron James,2013-14,2014-01-20,MIA,ATL,38:43,30,4,6,1,0
lbj,LeBron James,2013-14,2014-01-21,MIA,BOS,38:48,29,8,4,2,0
lbj,LeBron James,2013-14,2014-01-23,MIA,LAL,37:18,27,13,6,1,0
lbj,LeBron James,2013-14,2014-01-26,MIA,SAS,27:43,18,7,6,1,0
lbj,LeBron James,2013-14,2014-01-29,MIA,OKC,42:10,34,3,3,0,0
lbj,LeBron James,2013-14,2014-02-01,MIA,NYK,39:06,30,8,7,6,0
lbj,LeBron James,2013-14,2014-02-03,MIA,DET,38:19,24,8,11,2,2
lbj,LeBron James,2013-14,2014-02-05,MIA,LAC,40:47,31,8,12,3,1
lbj,LeBron James,2013-14,2014-02-08,MIA,UTA,39:21,13,7,5,0,0
lbj,LeBron James,2013-14,2014-02-11,MIA,PHO,40:59,37,9,3,5,0
lbj,LeBron James,2013-14,2014-02-12,MIA,GSW,42:16,36,13,9,2,0
lbj,LeBron James,2013-14,2014-02-18,MIA,DAL,38:28,42,9,6,2,0
lbj,LeBron James,2013-14,2014-02-20,MIA,OKC,33:24,33,7,3,4,0
lbj,LeBron James,2013-14,2014-02-27,MIA,NYK,36:38,31,4,4,0,0
lbj,LeBron James,2013-14,2014-03-01,MIA,ORL,31:13,20,9,7,4,0
lbj,LeBron James,2013-14,2014-03-03,MIA,CHA,41:12,61,7,4,0,0
lbj,LeBron James,2013-14,2014-03-04,MIA,HOU,36:38,22,1,6,3,0
lbj,LeBron James,2013-14,2014-03-06,MIA,SAS,38:04,19,8,7,2,0
lbj,LeBron James,2013-14,2014-03-09,MIA,CHI,45:19,17,9,8,3,1
lbj,LeBron James,2013-14,2014-03-10,MIA,WAS,36:45,23,7,8,3,0
lbj,LeBron James,2013-14,2014-03-12,MIA,BRK,38:03,19,5,7,3,0
lbj,LeBron James,2013-14,2014-03-14,MIA,DEN,39:50,21,6,6,1,0
lbj,LeBron James,2013-14,2014-03-16,MIA,HOU,42:52,24,5,6,2,0
lbj,LeBron James,2013-14,2014-03-18,MIA,CLE,41:40,43,6,4,2,3
lbj,LeBron James,2013-14,2014-03-21,MIA,MEM,38:01,15,6,7,2,1
lbj,LeBron James,2013-14,2014-03-22,MIA,NOP,41:59,25,8,9,0,1
lbj,LeBron James,2013-14,2014-03-24,MIA,POR,38:22,32,6,5,4,0
lbj,LeBron James,2013-14,2014-03-26,MIA,IND,43:24,38,8,5,0,0
lbj,LeBron James,2013-14,2014-03-28,MIA,DET,29:46,17,10,12,1,0
lbj,LeBron James,2013-14,2014-03-29,MIA,MIL,30:03,13,7,2,0,0
lbj,LeBron James,2013-14,2014-03-31,MIA,TOR,38:53,32,7,8,1,0
lbj,LeBron James,2013-14,2014-04-02,MIA,MIL,29:21,17,4,8,1,1
lbj,LeBron James,2013-14,2014-04-04,MIA,MIN,47:57,34,8,5,4,1
lbj,LeBron James,2013-14,2014-04-06,MIA,NYK,42:47,38,5,6,1,0
lbj,LeBron James,2013-14,2014-04-08,MIA,BRK,37:08,29,10,6,2,0
lbj,LeBron James,2013-14,2014-04-09,MIA,MEM,41:22,37,6,5,2,0
lbj,LeBron James,2013-14,2014-04-11,MIA,IND,34:52,36,6,1,1,1
lbj,LeBron James,2013-14,2014-04-12,MIA,ATL,37:21,27,8,5,0,1
lbj,LeBron James,2013-14,nan,nan,nan,2903,2089,533,488,121,26
lbj,LeBron James,2014-15,2014-10-30,CLE,NYK,43:14,17,5,4,0,0
lbj,LeBron James,2014-15,2014-10-31,CLE,CHI,41:40,36,8,5,4,1
lbj,LeBron James,2014-15,2014-11-04,CLE,POR,34:56,11,7,7,1,0
lbj,LeBron James,2014-15,2014-11-05,CLE,UTA,42:02,31,3,4,3,0
lbj,LeBron James,2014-15,2014-11-07,CLE,DEN,39:38,22,7,11,1,1
lbj,LeBron James,2014-15,2014-11-10,CLE,NOP,40:26,32,11,9,1,1
lbj,LeBron James,2014-15,2014-11-14,CLE,BOS,40:51,41,4,7,0,1
lbj,LeBron James,2014-15,2014-11-15,CLE,ATL,28:54,32,6,7,0,1
lbj,LeBron James,2014-15,2014-11-17,CLE,DEN,40:34,22,9,5,0,2
lbj,LeBron James,2014-15,2014-11-19,CLE,SAS,34:06,15,6,9,1,1
lbj,LeBron James,2014-15,2014-11-21,CLE,WAS,39:02,22,4,4,1,1
lbj,LeBron James,2014-15,2014-11-22,CLE,TOR,37:17,15,1,10,1,1
lbj,LeBron James,2014-15,2014-11-24,CLE,ORL,31:00,29,4,11,3,0
lbj,LeBron James,2014-15,2014-11-26,CLE,WAS,36:05,29,10,8,3,0
lbj,LeBron James,2014-15,2014-11-29,CLE,IND,31:44,19,2,7,1,0
lbj,LeBron James,2014-15,2014-12-02,CLE,MIL,41:05,26,5,10,0,0
lbj,LeBron James,2014-15,2014-12-04,CLE,NYK,39:31,19,5,12,2,0
lbj,LeBron James,2014-15,2014-12-05,CLE,TOR,42:27,24,7,13,3,1
lbj,LeBron James,2014-15,2014-12-08,CLE,BRK,33:54,18,4,7,3,0
lbj,LeBron James,2014-15,2014-12-09,CLE,TOR,41:53,35,2,4,2,2
lbj,LeBron James,2014-15,2014-12-12,CLE,NOP,37:37,41,5,5,0,1
lbj,LeBron James,2014-15,2014-12-15,CLE,CHO,40:18,27,7,14,1,3
lbj,LeBron James,2014-15,2014-12-17,CLE,ATL,29:02,21,3,2,2,0
lbj,LeBron James,2014-15,2014-12-19,CLE,BRK,39:56,22,4,9,2,0
lbj,LeBron James,2014-15,2014-12-21,CLE,MEM,37:33,25,1,11,0,1
lbj,LeBron James,2014-15,2014-12-23,CLE,MIN,34:38,24,4,3,1,3
lbj,LeBron James,2014-15,2014-12-25,CLE,MIA,40:02,30,4,8,0,0
lbj,LeBron James,2014-15,2014-12-26,CLE,ORL,36:56,29,5,8,2,2
lbj,LeBron James,2014-15,2014-12-28,CLE,DET,31:51,17,10,7,1,0
lbj,LeBron James,2014-15,2015-01-13,CLE,PHO,36:41,33,7,5,1,0
lbj,LeBron James,2014-15,2015-01-15,CLE,LAL,38:02,36,4,5,2,0
lbj,LeBron James,2014-15,2015-01-16,CLE,LAC,42:29,32,11,7,3,0
lbj,LeBron James,2014-15,2015-01-19,CLE,CHI,36:16,26,5,4,0,0
lbj,LeBron James,2014-15,2015-01-21,CLE,UTA,35:45,26,7,9,4,0
lbj,LeBron James,2014-15,2015-01-23,CLE,CHO,26:37,25,6,9,4,1
lbj,LeBron James,2014-15,2015-01-25,CLE,OKC,38:35,34,7,5,1,2
lbj,LeBron James,2014-15,2015-01-27,CLE,DET,35:56,32,6,7,1,0
lbj,LeBron James,2014-15,2015-01-30,CLE,SAC,33:04,19,3,7,4,2
lbj,LeBron James,2014-15,2015-01-31,CLE,MIN,39:45,36,6,5,0,1
lbj,LeBron James,2014-15,2015-02-02,CLE,PHI,35:51,18,3,11,2,0
lbj,LeBron James,2014-15,2015-02-05,CLE,LAC,27:47,23,3,9,1,0
lbj,LeBron James,2014-15,2015-02-06,CLE,IND,38:34,25,6,5,2,1
lbj,LeBron James,2014-15,2015-02-08,CLE,LAL,30:11,22,10,8,1,0
lbj,LeBron James,2014-15,2015-02-11,CLE,MIA,31:27,18,9,7,1,0
lbj,LeBron James,2014-15,2015-02-12,CLE,CHI,34:14,31,5,4,0,0
lbj,LeBron James,2014-15,2015-02-20,CLE,WAS,25:07,28,5,6,1,0
lbj,LeBron James,2014-15,2015-02-22,CLE,NYK,27:55,18,7,7,2,0
lbj,LeBron James,2014-15,2015-02-24,CLE,DET,39:03,19,7,11,3,1
lbj,LeBron James,2014-15,2015-02-26,CLE,GSW,36:12,42,11,5,3,1
lbj,LeBron James,2014-15,2015-03-01,CLE,HOU,42:06,37,8,4,3,3
lbj,LeBron James,2014-15,2015-03-03,CLE,BOS,25:35,27,3,5,3,1
lbj,LeBron James,2014-15,2015-03-04,CLE,TOR,37:27,29,6,14,0,0
lbj,LeBron James,2014-15,2015-03-06,CLE,ATL,40:09,18,6,8,2,1
lbj,LeBron James,2014-15,2015-03-07,CLE,PHO,36:26,17,6,8,1,0
lbj,LeBron James,2014-15,2015-03-10,CLE,DAL,28:58,27,7,8,1,1
lbj,LeBron James,2014-15,2015-03-12,CLE,SAS,43:43,31,5,7,2,1
lbj,LeBron James,2014-15,2015-03-15,CLE,ORL,34:44,21,8,13,3,1
lbj,LeBron James,2014-15,2015-03-16,CLE,MIA,35:16,26,2,4,0,0
lbj,LeBron James,2014-15,2015-03-18,CLE,BRK,34:35,16,3,7,1,0
lbj,LeBron James,2014-15,2015-03-20,CLE,IND,39:18,29,7,5,0,0
lbj,LeBron James,2014-15,2015-03-22,CLE,MIL,39:28,28,10,6,5,1
lbj,LeBron James,2014-15,2015-03-25,CLE,MEM,31:27,20,8,5,0,0
lbj,LeBron James,2014-15,2015-03-27,CLE,BRK,38:28,24,5,9,5,1
lbj,LeBron James,2014-15,2015-03-29,CLE,PHI,37:53,20,11,6,0,1
lbj,LeBron James,2014-15,2015-04-02,CLE,MIA,35:27,23,8,7,1,3
lbj,LeBron James,2014-15,2015-04-05,CLE,CHI,36:31,20,10,12,3,1
lbj,LeBron James,2014-15,2015-04-08,CLE,MIL,39:51,21,9,8,1,1
lbj,LeBron James,2014-15,2015-04-10,CLE,BOS,26:05,14,3,7,1,0
lbj,LeBron James,2014-15,2015-04-13,CLE,DET,32:14,21,10,11,2,1
lbj,LeBron James,2014-15,nan,nan,nan,2494,1743,416,511,109,49
lbj,LeBron James,2015-16,2015-10-27,CLE,CHI,36:04,25,10,5,1,0
lbj,LeBron James,2015-16,2015-10-28,CLE,MEM,30:48,12,7,5,3,0
lbj,LeBron James,2015-16,2015-10-30,CLE,MIA,33:56,29,5,4,1,0
lbj,LeBron James,2015-16,2015-11-02,CLE,PHI,33:20,22,9,11,4,2
lbj,LeBron James,2015-16,2015-11-04,CLE,NYK,35:04,23,5,3,4,1
lbj,LeBron James,2015-16,2015-11-06,CLE,PHI,36:20,31,4,13,2,0
lbj,LeBron James,2015-16,2015-11-08,CLE,IND,35:01,29,6,4,0,0
lbj,LeBron James,2015-16,2015-11-10,CLE,UTA,37:51,31,7,8,2,0
lbj,LeBron James,2015-16,2015-11-13,CLE,NYK,39:23,31,3,6,2,1
lbj,LeBron James,2015-16,2015-11-14,CLE,MIL,45:03,37,12,5,1,3
lbj,LeBron James,2015-16,2015-11-17,CLE,DET,39:48,30,6,3,0,0
lbj,LeBron James,2015-16,2015-11-19,CLE,MIL,34:59,27,9,6,0,0
lbj,LeBron James,2015-16,2015-11-21,CLE,ATL,33:20,19,11,8,0,2
lbj,LeBron James,2015-16,2015-11-23,CLE,ORL,34:58,15,6,13,1,0
lbj,LeBron James,2015-16,2015-11-25,CLE,TOR,39:46,24,6,8,0,0
lbj,LeBron James,2015-16,2015-11-27,CLE,CHO,38:13,25,13,5,0,0
lbj,LeBron James,2015-16,2015-11-28,CLE,BRK,35:43,26,9,5,1,0
lbj,LeBron James,2015-16,2015-12-01,CLE,WAS,37:23,24,13,4,1,1
lbj,LeBron James,2015-16,2015-12-04,CLE,NOP,44:47,37,7,8,1,1
lbj,LeBron James,2015-16,2015-12-08,CLE,POR,40:20,33,10,3,2,3
lbj,LeBron James,2015-16,2015-12-11,CLE,ORL,29:25,25,3,8,4,0
lbj,LeBron James,2015-16,2015-12-15,CLE,BOS,35:42,24,7,3,2,1
lbj,LeBron James,2015-16,2015-12-17,CLE,OKC,39:37,33,9,11,2,0
lbj,LeBron James,2015-16,2015-12-20,CLE,PHI,25:19,23,5,4,3,1
lbj,LeBron James,2015-16,2015-12-23,CLE,NYK,37:43,24,9,5,0,0
lbj,LeBron James,2015-16,2015-12-25,CLE,GSW,38:33,25,9,2,1,2
lbj,LeBron James,2015-16,2015-12-26,CLE,POR,26:27,12,4,5,0,0
lbj,LeBron James,2015-16,2015-12-28,CLE,PHO,35:23,14,4,7,2,1
lbj,LeBron James,2015-16,2015-12-29,CLE,DEN,34:23,34,6,2,2,1
lbj,LeBron James,2015-16,2016-01-02,CLE,ORL,29:13,29,5,3,2,0
lbj,LeBron James,2015-16,2016-01-04,CLE,TOR,30:41,20,2,7,3,0
lbj,LeBron James,2015-16,2016-01-06,CLE,WAS,39:42,34,10,4,1,1
lbj,LeBron James,2015-16,2016-01-08,CLE,MIN,32:14,13,12,8,1,2
lbj,LeBron James,2015-16,2016-01-10,CLE,PHI,37:00,37,7,9,2,0
lbj,LeBron James,2015-16,2016-01-12,CLE,DAL,41:43,27,10,7,2,0
lbj,LeBron James,2015-16,2016-01-14,CLE,SAS,37:20,22,7,5,0,0
lbj,LeBron James,2015-16,2016-01-15,CLE,HOU,36:23,19,7,7,0,2
lbj,LeBron James,2015-16,2016-01-18,CLE,GSW,32:53,16,5,5,1,1
lbj,LeBron James,2015-16,2016-01-20,CLE,BRK,29:03,17,1,5,1,1
lbj,LeBron James,2015-16,2016-01-21,CLE,LAC,35:11,22,5,12,0,0
lbj,LeBron James,2015-16,2016-01-23,CLE,CHI,39:44,26,13,9,2,1
lbj,LeBron James,2015-16,2016-01-25,CLE,MIN,38:01,25,4,9,1,1
lbj,LeBron James,2015-16,2016-01-27,CLE,PHO,31:01,21,3,9,0,0
lbj,LeBron James,2015-16,2016-01-29,CLE,DET,35:48,20,9,8,1,0
lbj,LeBron James,2015-16,2016-01-30,CLE,SAS,34:09,29,5,7,2,2
lbj,LeBron James,2015-16,2016-02-01,CLE,IND,43:35,24,12,6,2,1
lbj,LeBron James,2015-16,2016-02-03,CLE,CHO,39:08,23,6,6,1,2
lbj,LeBron James,2015-16,2016-02-05,CLE,BOS,38:05,30,7,4,2,1
lbj,LeBron James,2015-16,2016-02-06,CLE,NOP,36:42,27,3,8,1,0
lbj,LeBron James,2015-16,2016-02-08,CLE,SAC,30:54,21,10,10,2,1
lbj,LeBron James,2015-16,2016-02-10,CLE,LAL,36:40,29,7,11,1,0
lbj,LeBron James,2015-16,2016-02-18,CLE,CHI,34:37,25,9,9,0,1
lbj,LeBron James,2015-16,2016-02-21,CLE,OKC,37:30,25,7,11,3,0
lbj,LeBron James,2015-16,2016-02-22,CLE,DET,37:30,12,8,5,3,0
lbj,LeBron James,2015-16,2016-02-24,CLE,CHO,30:19,23,7,7,2,0
lbj,LeBron James,2015-16,2016-02-26,CLE,TOR,40:29,25,8,7,1,0
lbj,LeBron James,2015-16,2016-02-29,CLE,IND,36:49,33,5,4,2,0
lbj,LeBron James,2015-16,2016-03-04,CLE,WAS,30:23,19,13,8,3,0
lbj,LeBron James,2015-16,2016-03-05,CLE,BOS,36:00,28,11,8,2,1
lbj,LeBron James,2015-16,2016-03-07,CLE,MEM,37:38,28,9,5,1,0
lbj,LeBron James,2015-16,2016-03-09,CLE,SAC,36:33,25,11,6,0,0
lbj,LeBron James,2015-16,2016-03-10,CLE,LAL,34:50,24,5,7,0,2
lbj,LeBron James,2015-16,2016-03-13,CLE,LAC,30:43,27,6,5,1,0
lbj,LeBron James,2015-16,2016-03-14,CLE,UTA,36:53,23,12,3,1,0
lbj,LeBron James,2015-16,2016-03-18,CLE,ORL,35:44,18,7,8,1,1
lbj,LeBron James,2015-16,2016-03-19,CLE,MIA,26:38,26,3,3,1,0
lbj,LeBron James,2015-16,2016-03-21,CLE,DEN,33:26,33,11,11,0,0
lbj,LeBron James,2015-16,2016-03-23,CLE,MIL,36:55,26,6,8,2,1
lbj,LeBron James,2015-16,2016-03-24,CLE,BRK,35:04,30,6,5,1,0
lbj,LeBron James,2015-16,2016-03-26,CLE,NYK,35:46,27,11,11,1,2
lbj,LeBron James,2015-16,2016-03-31,CLE,BRK,30:40,24,4,11,2,1
lbj,LeBron James,2015-16,2016-04-01,CLE,ATL,44:25,29,16,9,3,1
lbj,LeBron James,2015-16,2016-04-03,CLE,CHO,40:50,31,8,12,2,0
lbj,LeBron James,2015-16,2016-04-05,CLE,MIL,28:04,17,5,9,0,1
lbj,LeBron James,2015-16,2016-04-09,CLE,CHI,38:33,33,7,3,0,1
lbj,LeBron James,2015-16,2016-04-11,CLE,ATL,32:25,34,6,6,2,1
lbj,LeBron James,2015-16,nan,nan,nan,2710,1920,565,514,104,49
lbj,LeBron James,2016-17,2016-10-25,CLE,NYK,32:23,19,11,14,0,1
lbj,LeBron James,2016-17,2016-10-28,CLE,TOR,38:40,21,8,7,0,0
lbj,LeBron James,2016-17,2016-10-29,CLE,ORL,39:00,23,6,9,1,1
lbj,LeBron James,2016-17,2016-11-01,CLE,HOU,35:51,19,13,8,0,0
lbj,LeBron James,2016-17,2016-11-03,CLE,BOS,36:22,30,7,12,1,0
lbj,LeBron James,2016-17,2016-11-05,CLE,PHI,35:52,25,8,14,2,1
lbj,LeBron James,2016-17,2016-11-08,CLE,ATL,36:52,23,9,5,3,0
lbj,LeBron James,2016-17,2016-11-11,CLE,WAS,38:06,27,10,5,2,2
lbj,LeBron James,2016-17,2016-11-13,CLE,CHO,38:42,19,8,8,1,1
lbj,LeBron James,2016-17,2016-11-15,CLE,TOR,38:04,28,9,15,1,0
lbj,LeBron James,2016-17,2016-11-18,CLE,DET,28:03,21,3,3,0,1
lbj,LeBron James,2016-17,2016-11-23,CLE,POR,37:30,31,10,13,3,0
lbj,LeBron James,2016-17,2016-11-25,CLE,DAL,29:03,19,5,11,1,0
lbj,LeBron James,2016-17,2016-11-27,CLE,PHI,41:30,26,10,13,1,0
lbj,LeBron James,2016-17,2016-11-29,CLE,MIL,32:53,22,4,4,0,0
lbj,LeBron James,2016-17,2016-12-01,CLE,LAC,33:37,16,5,5,2,0
lbj,LeBron James,2016-17,2016-12-02,CLE,CHI,44:40,27,5,13,0,0
lbj,LeBron James,2016-17,2016-12-05,CLE,TOR,42:01,34,8,7,2,0
lbj,LeBron James,2016-17,2016-12-07,CLE,NYK,32:27,25,6,7,1,2
lbj,LeBron James,2016-17,2016-12-09,CLE,MIA,37:19,27,8,8,3,0
lbj,LeBron James,2016-17,2016-12-10,CLE,CHO,42:27,44,9,10,3,1
lbj,LeBron James,2016-17,2016-12-13,CLE,MEM,36:29,23,6,8,3,0
lbj,LeBron James,2016-17,2016-12-17,CLE,LAL,38:55,26,7,9,2,2
lbj,LeBron James,2016-17,2016-12-20,CLE,MIL,47:29,34,12,7,1,1
lbj,LeBron James,2016-17,2016-12-21,CLE,MIL,34:25,29,9,6,0,0
lbj,LeBron James,2016-17,2016-12-23,CLE,BRK,27:16,19,4,6,3,0
lbj,LeBron James,2016-17,2016-12-25,CLE,GSW,40:11,31,13,4,2,1
lbj,LeBron James,2016-17,2016-12-29,CLE,BOS,43:44,23,8,11,1,3
lbj,LeBron James,2016-17,2016-12-31,CLE,CHO,35:47,32,6,9,1,0
lbj,LeBron James,2016-17,2017-01-02,CLE,NOP,38:55,26,7,6,2,1
lbj,LeBron James,2016-17,2017-01-04,CLE,CHI,36:53,31,8,7,1,0
lbj,LeBron James,2016-17,2017-01-06,CLE,BRK,35:17,36,9,6,3,0
lbj,LeBron James,2016-17,2017-01-08,CLE,PHO,39:31,28,8,4,1,0
lbj,LeBron James,2016-17,2017-01-10,CLE,UTA,36:55,29,6,5,4,0
lbj,LeBron James,2016-17,2017-01-11,CLE,POR,30:31,20,11,4,1,1
lbj,LeBron James,2016-17,2017-01-13,CLE,SAC,41:41,16,2,15,1,1
lbj,LeBron James,2016-17,2017-01-16,CLE,GSW,35:00,20,8,2,1,0
lbj,LeBron James,2016-17,2017-01-19,CLE,PHO,39:08,21,9,15,1,2
lbj,LeBron James,2016-17,2017-01-21,CLE,SAS,45:20,29,6,7,2,0
lbj,LeBron James,2016-17,2017-01-23,CLE,NOP,43:43,26,10,12,2,0
lbj,LeBron James,2016-17,2017-01-25,CLE,SAC,44:49,24,13,11,2,1
lbj,LeBron James,2016-17,2017-01-27,CLE,BRK,34:14,31,5,11,0,0
lbj,LeBron James,2016-17,2017-01-29,CLE,OKC,36:50,25,14,8,1,0
lbj,LeBron James,2016-17,2017-01-30,CLE,DAL,37:17,23,9,9,2,0
lbj,LeBron James,2016-17,2017-02-01,CLE,MIN,34:28,27,8,12,2,1
lbj,LeBron James,2016-17,2017-02-04,CLE,NYK,39:35,32,5,10,0,0
lbj,LeBron James,2016-17,2017-02-06,CLE,WAS,42:04,32,7,17,2,2
lbj,LeBron James,2016-17,2017-02-08,CLE,IND,38:16,25,6,9,1,1
lbj,LeBron James,2016-17,2017-02-09,CLE,OKC,40:53,18,5,7,2,2
lbj,LeBron James,2016-17,2017-02-11,CLE,DEN,33:09,27,5,12,2,0
lbj,LeBron James,2016-17,2017-02-14,CLE,MIN,39:30,25,8,14,0,0
lbj,LeBron James,2016-17,2017-02-15,CLE,IND,32:35,31,5,4,1,0
lbj,LeBron James,2016-17,2017-02-23,CLE,NYK,37:06,18,13,15,0,3
lbj,LeBron James,2016-17,2017-02-27,CLE,MIL,37:11,24,10,6,0,0
lbj,LeBron James,2016-17,2017-03-01,CLE,BOS,40:02,28,13,10,1,1
lbj,LeBron James,2016-17,2017-03-03,CLE,ATL,39:10,38,13,8,0,0
lbj,LeBron James,2016-17,2017-03-06,CLE,MIA,38:41,30,17,6,1,1
lbj,LeBron James,2016-17,2017-03-09,CLE,DET,39:05,29,14,10,1,0
lbj,LeBron James,2016-17,2017-03-11,CLE,ORL,37:34,24,12,12,0,1
lbj,LeBron James,2016-17,2017-03-12,CLE,HOU,40:10,30,7,5,2,0
lbj,LeBron James,2016-17,2017-03-14,CLE,DET,28:24,16,11,12,0,0
lbj,LeBron James,2016-17,2017-03-16,CLE,UTA,38:15,33,10,6,2,1
lbj,LeBron James,2016-17,2017-03-19,CLE,LAL,37:51,34,6,7,1,0
lbj,LeBron James,2016-17,2017-03-22,CLE,DEN,34:10,18,6,5,0,0
lbj,LeBron James,2016-17,2017-03-24,CLE,CHO,39:54,32,9,11,1,2
lbj,LeBron James,2016-17,2017-03-25,CLE,WAS,40:35,24,11,8,0,1
lbj,LeBron James,2016-17,2017-03-27,CLE,SAS,29:32,17,8,8,0,0
lbj,LeBron James,2016-17,2017-03-30,CLE,CHI,39:07,26,10,8,1,1
lbj,LeBron James,2016-17,2017-03-31,CLE,PHI,29:56,34,9,6,0,0
lbj,LeBron James,2016-17,2017-04-02,CLE,IND,51:39,41,14,11,2,1
lbj,LeBron James,2016-17,2017-04-04,CLE,ORL,37:06,18,11,11,2,1
lbj,LeBron James,2016-17,2017-04-05,CLE,BOS,38:33,36,10,6,1,2
lbj,LeBron James,2016-17,2017-04-07,CLE,ATL,41:25,27,8,7,2,0
lbj,LeBron James,2016-17,2017-04-09,CLE,ATL,46:50,32,16,10,1,0
lbj,LeBron James,2016-17,nan,nan,nan,2796,1954,639,646,92,44
lbj,LeBron James,2017-18,2017-10-17,CLE,BOS,41:12,29,16,9,0,2
lbj,LeBron James,2017-18,2017-10-20,CLE,MIL,37:25,24,5,8,1,1
lbj,LeBron James,2017-18,2017-10-21,CLE,ORL,31:12,22,4,2,1,1
lbj,LeBron James,2017-18,2017-10-24,CLE,CHI,37:15,34,2,13,3,0
lbj,LeBron James,2017-18,2017-10-25,CLE,BRK,41:22,29,10,13,0,4
lbj,LeBron James,2017-18,2017-10-28,CLE,NOP,30:46,18,3,8,0,0
lbj,LeBron James,2017-18,2017-10-29,CLE,NYK,39:28,16,10,7,2,0
lbj,LeBron James,2017-18,2017-11-01,CLE,IND,37:28,33,6,11,2,1
lbj,LeBron James,2017-18,2017-11-03,CLE,WAS,42:41,57,11,7,3,2
lbj,LeBron James,2017-18,2017-11-05,CLE,ATL,40:35,26,5,13,1,2
lbj,LeBron James,2017-18,2017-11-07,CLE,MIL,36:42,30,8,9,3,0
lbj,LeBron James,2017-18,2017-11-09,CLE,HOU,40:01,33,4,7,1,1
lbj,LeBron James,2017-18,2017-11-11,CLE,DAL,41:47,19,11,4,0,1
lbj,LeBron James,2017-18,2017-11-13,CLE,NYK,36:16,23,9,12,0,3
lbj,LeBron James,2017-18,2017-11-15,CLE,CHO,36:38,31,6,8,2,1
lbj,LeBron James,2017-18,2017-11-17,CLE,LAC,46:08,39,14,6,0,0
lbj,LeBron James,2017-18,2017-11-20,CLE,DET,27:16,18,2,8,1,1
lbj,LeBron James,2017-18,2017-11-22,CLE,BRK,33:26,33,6,5,2,0
lbj,LeBron James,2017-18,2017-11-24,CLE,CHO,39:34,27,16,13,0,3
lbj,LeBron James,2017-18,2017-11-27,CLE,PHI,31:03,30,14,6,0,0
lbj,LeBron James,2017-18,2017-11-28,CLE,MIA,28:26,21,12,6,5,1
lbj,LeBron James,2017-18,2017-11-30,CLE,ATL,37:34,24,6,12,2,2
lbj,LeBron James,2017-18,2017-12-02,CLE,MEM,39:09,34,2,12,0,1
lbj,LeBron James,2017-18,2017-12-04,CLE,CHI,34:16,23,7,6,2,0
lbj,LeBron James,2017-18,2017-12-06,CLE,SAC,41:03,32,11,9,3,2
lbj,LeBron James,2017-18,2017-12-08,CLE,IND,39:25,29,10,8,1,2
lbj,LeBron James,2017-18,2017-12-09,CLE,PHI,38:44,30,13,13,3,0
lbj,LeBron James,2017-18,2017-12-12,CLE,ATL,35:01,25,7,17,2,0
lbj,LeBron James,2017-18,2017-12-14,CLE,LAL,38:43,25,12,12,2,2
lbj,LeBron James,2017-18,2017-12-16,CLE,UTA,36:48,29,11,10,1,0
lbj,LeBron James,2017-18,2017-12-17,CLE,WAS,41:21,20,11,15,0,1
lbj,LeBron James,2017-18,2017-12-19,CLE,MIL,34:14,39,1,7,3,2
lbj,LeBron James,2017-18,2017-12-21,CLE,CHI,39:06,34,6,9,3,0
lbj,LeBron James,2017-18,2017-12-25,CLE,GSW,40:03,20,6,6,0,0
lbj,LeBron James,2017-18,2017-12-27,CLE,SAC,37:42,16,10,14,5,0
lbj,LeBron James,2017-18,2017-12-30,CLE,UTA,37:27,29,8,6,2,1
lbj,LeBron James,2017-18,2018-01-02,CLE,POR,33:49,24,6,8,4,1
lbj,LeBron James,2017-18,2018-01-03,CLE,BOS,32:42,19,7,6,1,1
lbj,LeBron James,2017-18,2018-01-06,CLE,ORL,37:17,33,10,9,6,1
lbj,LeBron James,2017-18,2018-01-08,CLE,MIN,26:35,10,8,5,0,2
lbj,LeBron James,2017-18,2018-01-11,CLE,TOR,32:14,26,3,1,1,2
lbj,LeBron James,2017-18,2018-01-12,CLE,IND,40:27,27,8,11,3,1
lbj,LeBron James,2017-18,2018-01-15,CLE,GSW,36:15,32,8,6,3,4
lbj,LeBron James,2017-18,2018-01-18,CLE,ORL,34:47,16,5,6,1,0
lbj,LeBron James,2017-18,2018-01-20,CLE,OKC,38:22,18,3,7,0,1
lbj,LeBron James,2017-18,2018-01-23,CLE,SAS,37:57,28,9,7,0,1
lbj,LeBron James,2017-18,2018-01-26,CLE,IND,39:55,26,10,11,4,1
lbj,LeBron James,2017-18,2018-01-28,CLE,DET,37:48,25,8,14,1,0
lbj,LeBron James,2017-18,2018-01-30,CLE,DET,37:45,21,6,7,0,1
lbj,LeBron James,2017-18,2018-01-31,CLE,MIA,38:17,24,11,5,1,0
lbj,LeBron James,2017-18,2018-02-03,CLE,HOU,31:22,11,9,9,2,1
lbj,LeBron James,2017-18,2018-02-06,CLE,ORL,33:05,25,10,5,1,0
lbj,LeBron James,2017-18,2018-02-07,CLE,MIN,48:19,37,10,15,1,1
lbj,LeBron James,2017-18,2018-02-09,CLE,ATL,40:43,22,12,19,0,0
lbj,LeBron James,2017-18,2018-02-11,CLE,BOS,27:54,24,8,10,1,1
lbj,LeBron James,2017-18,2018-02-13,CLE,OKC,39:44,37,8,8,0,1
lbj,LeBron James,2017-18,2018-02-22,CLE,WAS,36:36,32,9,8,2,0
lbj,LeBron James,2017-18,2018-02-23,CLE,MEM,36:40,18,14,11,1,0
lbj,LeBron James,2017-18,2018-02-25,CLE,SAS,39:58,33,13,9,1,0
lbj,LeBron James,2017-18,2018-02-27,CLE,BRK,38:46,31,12,11,1,0
lbj,LeBron James,2017-18,2018-03-01,CLE,PHI,39:02,30,9,8,1,0
lbj,LeBron James,2017-18,2018-03-03,CLE,DEN,42:23,25,10,15,2,0
lbj,LeBron James,2017-18,2018-03-05,CLE,DET,28:44,31,7,7,1,0
lbj,LeBron James,2017-18,2018-03-07,CLE,DEN,39:08,39,8,10,1,0
lbj,LeBron James,2017-18,2018-03-09,CLE,LAC,38:53,25,10,6,2,3
lbj,LeBron James,2017-18,2018-03-11,CLE,LAL,31:27,24,10,7,1,1
lbj,LeBron James,2017-18,2018-03-13,CLE,PHO,33:13,28,12,11,3,2
lbj,LeBron James,2017-18,2018-03-15,CLE,POR,41:05,35,14,6,2,3
lbj,LeBron James,2017-18,2018-03-17,CLE,CHI,39:53,33,13,12,1,2
lbj,LeBron James,2017-18,2018-03-19,CLE,MIL,40:01,40,12,10,2,1
lbj,LeBron James,2017-18,2018-03-21,CLE,TOR,39:24,35,7,17,1,0
lbj,LeBron James,2017-18,2018-03-23,CLE,PHO,29:16,27,6,9,1,1
lbj,LeBron James,2017-18,2018-03-25,CLE,BRK,38:03,37,10,8,1,0
lbj,LeBron James,2017-18,2018-03-27,CLE,MIA,37:59,18,6,7,0,0
lbj,LeBron James,2017-18,2018-03-28,CLE,CHO,36:53,41,10,8,1,0
lbj,LeBron James,2017-18,2018-03-30,CLE,NOP,41:45,27,9,11,1,0
lbj,LeBron James,2017-18,2018-04-01,CLE,DAL,38:32,16,13,12,0,0
lbj,LeBron James,2017-18,2018-04-03,CLE,TOR,37:16,27,10,6,0,0
lbj,LeBron James,2017-18,2018-04-05,CLE,WAS,38:48,33,9,14,0,0
lbj,LeBron James,2017-18,2018-04-06,CLE,PHI,40:11,44,11,11,2,1
lbj,LeBron James,2017-18,2018-04-09,CLE,NYK,38:38,26,6,11,1,0
lbj,LeBron James,2017-18,2018-04-11,CLE,NYK,10:33,10,5,2,1,0
lbj,LeBron James,2017-18,nan,nan,nan,3024,2251,709,747,116,71
lbj,LeBron James,2018-19,2018-10-18,LAL,POR,37:20,26,12,6,1,0
lbj,LeBron James,2018-19,2018-10-20,LAL,HOU,38:52,24,5,5,2,1
lbj,LeBron James,2018-19,2018-10-22,LAL,SAS,42:52,32,8,14,1,1
lbj,LeBron James,2018-19,2018-10-24,LAL,PHO,28:04,19,7,10,3,0
lbj,LeBron James,2018-19,2018-10-25,LAL,DEN,34:40,28,11,11,3,0
lbj,LeBron James,2018-19,2018-10-27,LAL,SAS,34:18,35,11,4,2,0
lbj,LeBron James,2018-19,2018-10-29,LAL,MIN,36:16,29,10,8,2,2
lbj,LeBron James,2018-19,2018-10-31,LAL,DAL,38:34,29,5,6,3,0
lbj,LeBron James,2018-19,2018-11-03,LAL,POR,31:21,28,5,7,0,2
lbj,LeBron James,2018-19,2018-11-04,LAL,TOR,28:17,18,2,6,0,1
lbj,LeBron James,2018-19,2018-11-07,LAL,MIN,38:32,24,11,9,0,2
lbj,LeBron James,2018-19,2018-11-10,LAL,SAC,31:17,25,7,2,1,0
lbj,LeBron James,2018-19,2018-11-11,LAL,ATL,34:18,26,7,4,2,0
lbj,LeBron James,2018-19,2018-11-14,LAL,POR,36:00,44,10,9,1,3
lbj,LeBron James,2018-19,2018-11-17,LAL,ORL,25:53,22,4,7,0,1
lbj,LeBron James,2018-19,2018-11-18,LAL,MIA,38:29,51,8,3,2,1
lbj,LeBron James,2018-19,2018-11-21,LAL,CLE,35:30,32,14,7,0,1
lbj,LeBron James,2018-19,2018-11-23,LAL,UTA,35:04,22,10,7,2,1
lbj,LeBron James,2018-19,2018-11-25,LAL,ORL,40:27,24,4,7,0,1
lbj,LeBron James,2018-19,2018-11-27,LAL,DEN,30:04,14,7,2,2,2
lbj,LeBron James,2018-19,2018-11-29,LAL,IND,38:09,38,9,7,2,0
lbj,LeBron James,2018-19,2018-11-30,LAL,DAL,31:19,28,5,4,0,1
lbj,LeBron James,2018-19,2018-12-02,LAL,PHO,30:59,22,6,8,0,1
lbj,LeBron James,2018-19,2018-12-05,LAL,SAS,39:42,42,5,6,2,0
lbj,LeBron James,2018-19,2018-12-07,LAL,SAS,37:21,35,8,11,2,0
lbj,LeBron James,2018-19,2018-12-08,LAL,MEM,31:38,20,8,9,2,0
lbj,LeBron James,2018-19,2018-12-10,LAL,MIA,37:31,28,9,12,1,0
lbj,LeBron James,2018-19,2018-12-13,LAL,HOU,36:26,29,5,4,2,0
lbj,LeBron James,2018-19,2018-12-15,LAL,CHO,30:13,24,12,11,1,0
lbj,LeBron James,2018-19,2018-12-16,LAL,WAS,32:00,13,6,3,0,1
lbj,LeBron James,2018-19,2018-12-18,LAL,BRK,41:12,36,13,8,1,1
lbj,LeBron James,2018-19,2018-12-21,LAL,NOP,38:45,22,12,14,2,0
lbj,LeBron James,2018-19,2018-12-23,LAL,MEM,35:37,22,14,7,1,1
lbj,LeBron James,2018-19,2018-12-25,LAL,GSW,21:15,17,13,5,1,0
lbj,LeBron James,2018-19,2019-01-31,LAL,LAC,40:26,24,14,9,1,0
lbj,LeBron James,2018-19,2019-02-05,LAL,IND,30:13,18,7,9,1,0
lbj,LeBron James,2018-19,2019-02-07,LAL,BOS,37:44,28,12,12,3,0
lbj,LeBron James,2018-19,2019-02-10,LAL,PHI,33:09,18,10,9,0,0
lbj,LeBron James,2018-19,2019-02-12,LAL,ATL,43:03,28,11,16,3,1
lbj,LeBron James,2018-19,2019-02-21,LAL,HOU,40:08,29,12,6,1,1
lbj,LeBron James,2018-19,2019-02-23,LAL,NOP,38:31,27,7,12,4,1
lbj,LeBron James,2018-19,2019-02-25,LAL,MEM,39:44,24,12,11,3,0
lbj,LeBron James,2018-19,2019-02-27,LAL,NOP,37:19,33,6,10,2,1
lbj,LeBron James,2018-19,2019-03-01,LAL,MIL,38:49,31,7,10,1,0
lbj,LeBron James,2018-19,2019-03-02,LAL,PHO,40:46,27,9,16,0,0
lbj,LeBron James,2018-19,2019-03-04,LAL,LAC,42:24,27,8,6,1,1
lbj,LeBron James,2018-19,2019-03-06,LAL,DEN,31:07,31,7,7,1,1
lbj,LeBron James,2018-19,2019-03-09,LAL,BOS,27:46,30,10,12,0,0
lbj,LeBron James,2018-19,2019-03-12,LAL,CHI,33:24,36,10,4,2,0
lbj,LeBron James,2018-19,2019-03-14,LAL,TOR,31:47,29,4,6,1,0
lbj,LeBron James,2018-19,2019-03-17,LAL,NYK,35:00,33,6,8,0,1
lbj,LeBron James,2018-19,2019-03-22,LAL,BRK,36:42,25,9,14,1,1
lbj,LeBron James,2018-19,2019-03-24,LAL,SAC,35:16,29,11,11,2,1
lbj,LeBron James,2018-19,2019-03-26,LAL,WAS,33:54,23,7,14,1,0
lbj,LeBron James,2018-19,2019-03-29,LAL,CHO,31:58,27,3,9,0,0
lbj,LeBron James,2018-19,nan,nan,nan,1936,1505,465,454,72,33
lbj,LeBron James,2019-20,2019-10-22,LAL,LAC,36:00,18,10,8,1,1
lbj,LeBron James,2019-20,2019-10-25,LAL,UTA,30:34,32,7,10,1,0
lbj,LeBron James,2019-20,2019-10-27,LAL,CHO,35:01,20,6,12,1,0
lbj,LeBron James,2019-20,2019-10-29,LAL,MEM,28:19,23,2,8,0,1
lbj,LeBron James,2019-20,2019-11-01,LAL,DAL,42:32,39,12,16,4,1
lbj,LeBron James,2019-20,2019-11-03,LAL,SAS,37:18,21,11,13,2,1
lbj,LeBron James,2019-20,2019-11-05,LAL,CHI,35:11,30,10,11,2,1
lbj,LeBron James,2019-20,2019-11-08,LAL,MIA,36:03,25,4,6,0,0
lbj,LeBron James,2019-20,2019-11-10,LAL,TOR,35:20,13,13,15,0,1
lbj,LeBron James,2019-20,2019-11-12,LAL,PHO,37:04,19,7,11,0,0
lbj,LeBron James,2019-20,2019-11-13,LAL,GSW,26:29,23,6,12,1,1
lbj,LeBron James,2019-20,2019-11-15,LAL,SAC,38:40,29,4,11,3,0
lbj,LeBron James,2019-20,2019-11-17,LAL,ATL,33:07,33,7,12,1,1
lbj,LeBron James,2019-20,2019-11-19,LAL,OKC,37:08,25,11,10,2,0
lbj,LeBron James,2019-20,2019-11-22,LAL,OKC,35:37,23,6,14,1,1
lbj,LeBron James,2019-20,2019-11-23,LAL,MEM,38:50,30,6,4,2,0
lbj,LeBron James,2019-20,2019-11-25,LAL,SAS,35:08,33,4,14,0,1
lbj,LeBron James,2019-20,2019-11-27,LAL,NOP,37:35,29,5,11,2,1
lbj,LeBron James,2019-20,2019-11-29,LAL,WAS,24:36,23,3,11,2,1
lbj,LeBron James,2019-20,2019-12-01,LAL,DAL,36:25,25,9,8,4,0
lbj,LeBron James,2019-20,2019-12-03,LAL,DEN,36:53,25,6,9,0,0
lbj,LeBron James,2019-20,2019-12-04,LAL,UTA,29:28,20,4,12,1,0
lbj,LeBron James,2019-20,2019-12-06,LAL,POR,33:45,31,7,8,0,1
lbj,LeBron James,2019-20,2019-12-08,LAL,MIN,27:51,32,4,13,1,0
lbj,LeBron James,2019-20,2019-12-11,LAL,ORL,37:55,25,11,10,2,0
lbj,LeBron James,2019-20,2019-12-13,LAL,MIA,37:26,28,9,12,1,0
lbj,LeBron James,2019-20,2019-12-15,LAL,ATL,36:56,32,13,7,1,3
lbj,LeBron James,2019-20,2019-12-17,LAL,IND,34:54,20,9,9,0,0
lbj,LeBron James,2019-20,2019-12-19,LAL,MIL,36:44,21,12,11,0,0
lbj,LeBron James,2019-20,2019-12-25,LAL,LAC,38:50,23,9,10,2,1
lbj,LeBron James,2019-20,2019-12-28,LAL,POR,36:44,21,7,16,2,1
lbj,LeBron James,2019-20,2019-12-29,LAL,DAL,34:19,13,6,13,2,0
lbj,LeBron James,2019-20,2020-01-01,LAL,PHO,38:04,31,13,12,2,1
lbj,LeBron James,2019-20,2020-01-03,LAL,NOP,37:13,17,8,15,2,0
lbj,LeBron James,2019-20,2020-01-05,LAL,DET,35:01,21,14,11,0,0
lbj,LeBron James,2019-20,2020-01-07,LAL,NYK,31:26,31,5,5,2,1
lbj,LeBron James,2019-20,2020-01-10,LAL,DAL,32:16,35,16,7,1,0
lbj,LeBron James,2019-20,2020-01-13,LAL,CLE,32:43,31,2,8,1,0
lbj,LeBron James,2019-20,2020-01-15,LAL,ORL,36:15,19,3,19,1,0
lbj,LeBron James,2019-20,2020-01-18,LAL,HOU,35:24,31,5,12,2,0
lbj,LeBron James,2019-20,2020-01-20,LAL,BOS,29:11,15,7,13,0,0
lbj,LeBron James,2019-20,2020-01-22,LAL,NYK,36:03,21,6,5,5,0
lbj,LeBron James,2019-20,2020-01-23,LAL,BRK,33:36,27,11,10,1,1
lbj,LeBron James,2019-20,2020-01-25,LAL,PHI,35:21,29,7,8,1,0
lbj,LeBron James,2019-20,2020-01-31,LAL,POR,37:59,22,8,10,0,1
lbj,LeBron James,2019-20,2020-02-01,LAL,SAC,33:34,15,10,11,2,0
lbj,LeBron James,2019-20,2020-02-04,LAL,SAS,34:11,36,7,9,1,0
lbj,LeBron James,2019-20,2020-02-06,LAL,HOU,36:38,18,9,15,2,0
lbj,LeBron James,2019-20,2020-02-08,LAL,GSW,33:34,22,8,11,1,0
lbj,LeBron James,2019-20,2020-02-10,LAL,PHO,30:05,17,8,9,1,0
lbj,LeBron James,2019-20,2020-02-12,LAL,DEN,41:30,32,12,14,0,0
lbj,LeBron James,2019-20,2020-02-21,LAL,MEM,35:35,32,3,7,0,2
lbj,LeBron James,2019-20,2020-02-23,LAL,BOS,35:29,29,8,9,0,0
lbj,LeBron James,2019-20,2020-02-25,LAL,NOP,34:12,40,8,6,0,1
lbj,LeBron James,2019-20,2020-02-29,LAL,MEM,34:19,19,8,10,1,1
lbj,LeBron James,2019-20,2020-03-01,LAL,NOP,36:23,34,12,13,2,0
lbj,LeBron James,2019-20,2020-03-03,LAL,PHI,33:45,22,7,14,1,2
lbj,LeBron James,2019-20,2020-03-06,LAL,MIL,36:30,37,8,8,3,0
lbj,LeBron James,2019-20,2020-03-08,LAL,LAC,34:31,28,8,9,0,2
lbj,LeBron James,2019-20,2020-03-10,LAL,BRK,34:52,29,12,9,1,0
lbj,LeBron James,2019-20,2020-07-30,LAL,LAC,34:18,16,11,7,1,1
lbj,LeBron James,2019-20,2020-08-01,LAL,TOR,34:36,20,10,5,0,1
lbj,LeBron James,2019-20,2020-08-03,LAL,UTA,34:53,22,8,9,2,1
lbj,LeBron James,2019-20,2020-08-05,LAL,OKC,30:17,19,11,4,1,0
lbj,LeBron James,2019-20,2020-08-08,LAL,IND,35:09,31,8,7,0,1
lbj,LeBron James,2019-20,2020-08-10,LAL,DEN,38:06,29,1,12,0,2
lbj,LeBron James,2019-20,2020-08-13,LAL,SAC,14:36,17,3,4,0,0
lbj,LeBron James,2019-20,nan,nan,nan,2317,1698,525,684,78,36
lbj,LeBron James,2020-21,2020-12-22,LAL,LAC,28:21,22,5,5,0,0
lbj,LeBron James,2020-21,2020-12-25,LAL,DAL,31:24,22,7,10,1,0
lbj,LeBron James,2020-21,2020-12-27,LAL,MIN,26:12,18,9,5,1,0
lbj,LeBron James,2020-21,2020-12-28,LAL,POR,35:55,29,9,6,2,1
lbj,LeBron James,2020-21,2020-12-30,LAL,SAS,35:13,26,5,8,1,1
lbj,LeBron James,2020-21,2021-01-01,LAL,SAS,35:41,26,11,10,2,0
lbj,LeBron James,2020-21,2021-01-03,LAL,MEM,32:00,22,13,8,1,0
lbj,LeBron James,2020-21,2021-01-05,LAL,MEM,34:05,26,12,7,1,1
lbj,LeBron James,2020-21,2021-01-07,LAL,SAS,34:54,27,6,12,0,0
lbj,LeBron James,2020-21,2021-01-08,LAL,CHI,34:09,28,7,7,0,0
lbj,LeBron James,2020-21,2021-01-10,LAL,HOU,30:21,18,7,7,1,1
lbj,LeBron James,2020-21,2021-01-12,LAL,HOU,29:11,26,8,5,0,1
lbj,LeBron James,2020-21,2021-01-13,LAL,OKC,27:29,26,6,7,0,0
lbj,LeBron James,2020-21,2021-01-15,LAL,NOP,30:30,21,8,11,1,0
lbj,LeBron James,2020-21,2021-01-18,LAL,GSW,37:58,19,5,5,1,0
lbj,LeBron James,2020-21,2021-01-21,LAL,MIL,38:04,34,6,8,1,1
lbj,LeBron James,2020-21,2021-01-23,LAL,CHI,28:30,17,11,6,2,0
lbj,LeBron James,2020-21,2021-01-25,LAL,CLE,38:07,46,8,6,2,2
lbj,LeBron James,2020-21,2021-01-27,LAL,PHI,38:32,34,6,7,0,0
lbj,LeBron James,2020-21,2021-01-28,LAL,DET,35:45,22,7,10,1,0
lbj,LeBron James,2020-21,2021-01-30,LAL,BOS,37:21,21,7,7,0,1
lbj,LeBron James,2020-21,2021-02-01,LAL,ATL,37:58,21,7,9,2,1
lbj,LeBron James,2020-21,2021-02-04,LAL,DEN,35:27,27,10,10,0,1
lbj,LeBron James,2020-21,2021-02-06,LAL,DET,46:29,33,5,11,4,0
lbj,LeBron James,2020-21,2021-02-08,LAL,OKC,42:30,28,14,12,2,2
lbj,LeBron James,2020-21,2021-02-10,LAL,OKC,41:03,25,6,7,2,0
lbj,LeBron James,2020-21,2021-02-12,LAL,MEM,34:08,28,9,8,2,0
lbj,LeBron James,2020-21,2021-02-14,LAL,DEN,30:56,22,10,9,0,1
lbj,LeBron James,2020-21,2021-02-16,LAL,MIN,37:53,30,13,7,0,1
lbj,LeBron James,2020-21,2021-02-18,LAL,BRK,32:59,32,8,7,0,0
lbj,LeBron James,2020-21,2021-02-20,LAL,MIA,37:27,19,9,9,1,1
lbj,LeBron James,2020-21,2021-02-22,LAL,WAS,43:15,31,9,13,1,0
lbj,LeBron James,2020-21,2021-02-24,LAL,UTA,27:49,19,4,4,1,0
lbj,LeBron James,2020-21,2021-02-26,LAL,POR,35:34,28,11,7,4,3
lbj,LeBron James,2020-21,2021-02-28,LAL,GSW,24:24,19,6,4,2,2
lbj,LeBron James,2020-21,2021-03-02,LAL,PHO,37:38,38,5,6,2,1
lbj,LeBron James,2020-21,2021-03-12,LAL,IND,34:21,18,3,10,1,0
lbj,LeBron James,2020-21,2021-03-15,LAL,GSW,30:29,22,10,11,0,0
lbj,LeBron James,2020-21,2021-03-16,LAL,MIN,31:12,25,12,12,0,1
lbj,LeBron James,2020-21,2021-03-18,LAL,CHO,36:30,37,8,6,1,1
lbj,LeBron James,2020-21,2021-03-20,LAL,ATL,10:36,10,1,4,0,0
lbj,LeBron James,2020-21,2021-04-30,LAL,SAC,31:51,16,8,7,2,1
lbj,LeBron James,2020-21,2021-05-02,LAL,TOR,27:33,19,7,6,0,0
lbj,LeBron James,2020-21,2021-05-15,LAL,IND,28:27,24,7,8,0,0
lbj,LeBron James,2020-21,2021-05-16,LAL,NOP,27:28,25,1,6,3,0
lbj,LeBron James,2020-21,nan,nan,nan,1502,1126,346,350,48,25
lbj,LeBron James,2021-22,2021-10-19,LAL,GSW,36:44,34,11,5,1,1
lbj,LeBron James,2021-22,2021-10-22,LAL,PHO,36:32,25,2,5,2,0
lbj,LeBron James,2021-22,2021-10-24,LAL,MEM,40:18,19,6,6,2,2
lbj,LeBron James,2021-22,2021-10-29,LAL,CLE,37:57,26,3,8,3,1
lbj,LeBron James,2021-22,2021-10-31,LAL,HOU,34:32,15,7,8,4,1
lbj,LeBron James,2021-22,2021-11-02,LAL,HOU,36:16,30,4,10,2,0
lbj,LeBron James,2021-22,2021-11-19,LAL,BOS,32:04,23,6,2,2,0
lbj,LeBron James,2021-22,2021-11-21,LAL,DET,21:26,10,1,5,0,0
lbj,LeBron James,2021-22,2021-11-24,LAL,IND,43:28,39,5,6,1,2
lbj,LeBron James,2021-22,2021-11-26,LAL,SAC,49:45,30,7,11,1,0
lbj,LeBron James,2021-22,2021-11-28,LAL,DET,37:24,33,5,9,2,1
lbj,LeBron James,2021-22,2021-12-03,LAL,LAC,36:15,23,11,6,2,0
lbj,LeBron James,2021-22,2021-12-07,LAL,BOS,36:16,30,4,5,0,0
lbj,LeBron James,2021-22,2021-12-09,LAL,MEM,37:24,20,10,11,4,2
lbj,LeBron James,2021-22,2021-12-10,LAL,OKC,34:41,33,5,6,3,2
lbj,LeBron James,2021-22,2021-12-12,LAL,ORL,37:11,30,11,10,0,3
lbj,LeBron James,2021-22,2021-12-15,LAL,DAL,42:58,24,3,5,1,0
lbj,LeBron James,2021-22,2021-12-17,LAL,MIN,35:30,18,10,5,1,2
lbj,LeBron James,2021-22,2021-12-19,LAL,CHI,39:24,31,14,6,1,2
lbj,LeBron James,2021-22,2021-12-21,LAL,PHO,34:00,34,7,2,2,0
lbj,LeBron James,2021-22,2021-12-23,LAL,SAS,34:40,36,9,6,1,2
lbj,LeBron James,2021-22,2021-12-25,LAL,BRK,39:53,39,9,7,3,1
lbj,LeBron James,2021-22,2021-12-28,LAL,HOU,39:27,32,10,11,1,2
lbj,LeBron James,2021-22,2021-12-29,LAL,MEM,37:57,37,13,7,2,2
lbj,LeBron James,2021-22,2021-12-31,LAL,POR,29:18,43,14,4,2,2
lbj,LeBron James,2021-22,2022-01-02,LAL,MIN,39:13,26,7,5,3,1
lbj,LeBron James,2021-22,2022-01-04,LAL,SAC,36:29,31,5,5,0,1
lbj,LeBron James,2021-22,2022-01-07,LAL,ATL,36:30,32,8,9,4,3
lbj,LeBron James,2021-22,2022-01-09,LAL,MEM,33:22,35,9,7,0,0
lbj,LeBron James,2021-22,2022-01-12,LAL,SAC,38:56,34,7,6,0,1
lbj,LeBron James,2021-22,2022-01-15,LAL,DEN,30:42,25,9,2,0,2
lbj,LeBron James,2021-22,2022-01-17,LAL,UTA,37:17,25,7,7,1,1
lbj,LeBron James,2021-22,2022-01-19,LAL,IND,37:24,30,12,5,2,0
lbj,LeBron James,2021-22,2022-01-21,LAL,ORL,33:36,29,7,5,1,1
lbj,LeBron James,2021-22,2022-01-23,LAL,MIA,39:52,33,11,4,2,0
lbj,LeBron James,2021-22,2022-01-25,LAL,BRK,34:27,33,7,6,3,2
lbj,LeBron James,2021-22,2022-02-05,LAL,NYK,39:55,29,13,10,1,0
lbj,LeBron James,2021-22,2022-02-08,LAL,MIL,34:31,27,5,8,0,0
lbj,LeBron James,2021-22,2022-02-09,LAL,POR,36:41,30,7,7,3,0
lbj,LeBron James,2021-22,2022-02-12,LAL,GSW,38:21,26,15,8,0,0
lbj,LeBron James,2021-22,2022-02-16,LAL,UTA,39:43,33,8,6,2,0
lbj,LeBron James,2021-22,2022-02-25,LAL,LAC,35:41,21,11,3,1,1
lbj,LeBron James,2021-22,2022-02-27,LAL,NOP,35:35,32,6,3,2,2
lbj,LeBron James,2021-22,2022-03-01,LAL,DAL,38:12,26,12,5,1,0
lbj,LeBron James,2021-22,2022-03-03,LAL,LAC,37:04,26,8,4,0,1
lbj,LeBron James,2021-22,2022-03-05,LAL,GSW,38:33,56,10,3,0,1
lbj,LeBron James,2021-22,2022-03-09,LAL,HOU,45:16,23,14,12,1,4
lbj,LeBron James,2021-22,2022-03-11,LAL,WAS,35:42,50,7,6,0,1
lbj,LeBron James,2021-22,2022-03-13,LAL,PHO,30:12,31,7,6,0,1
lbj,LeBron James,2021-22,2022-03-14,LAL,TOR,40:20,30,9,3,0,2
lbj,LeBron James,2021-22,2022-03-16,LAL,MIN,37:04,19,5,4,1,2
lbj,LeBron James,2021-22,2022-03-18,LAL,TOR,44:41,36,9,7,0,2
lbj,LeBron James,2021-22,2022-03-19,LAL,WAS,35:53,38,10,6,0,0
lbj,LeBron James,2021-22,2022-03-21,LAL,CLE,40:36,38,10,12,1,1
lbj,LeBron James,2021-22,2022-03-27,LAL,NOP,41:38,39,9,5,0,1
lbj,LeBron James,2021-22,2022-04-01,LAL,NOP,39:31,38,8,4,1,0
lbj,LeBron James,2021-22,nan,nan,nan,2085,1695,459,349,73,59
lbj,LeBron James,2022-23,2022-10-18,LAL,GSW,35:12,31,15,8,0,0
lbj,LeBron James,2022-23,2022-10-20,LAL,LAC,36:40,20,10,6,1,2
lbj,LeBron James,2022-23,2022-10-23,LAL,POR,37:43,31,8,8,2,2
lbj,LeBron James,2022-23,2022-10-26,LAL,DEN,35:18,19,7,9,1,0
lbj,LeBron James,2022-23,2022-10-28,LAL,MIN,37:27,28,7,5,4,0
lbj,LeBron James,2022-23,2022-10-30,LAL,DEN,34:42,26,6,8,1,0
lbj,LeBron James,2022-23,2022-11-02,LAL,NOP,39:43,20,10,8,0,2
lbj,LeBron James,2022-23,2022-11-04,LAL,UTA,34:09,17,10,8,0,1
lbj,LeBron James,2022-23,2022-11-06,LAL,CLE,33:49,27,7,4,0,0
lbj,LeBron James,2022-23,2022-11-09,LAL,LAC,32:21,30,8,5,2,0
lbj,LeBron James,2022-23,2022-11-25,LAL,SAS,33:15,21,8,5,3,1
lbj,LeBron James,2022-23,2022-11-26,LAL,SAS,35:28,39,11,3,1,1
lbj,LeBron James,2022-23,2022-11-28,LAL,IND,36:10,21,7,3,1,0
lbj,LeBron James,2022-23,2022-11-30,LAL,POR,32:30,31,7,8,0,1
lbj,LeBron James,2022-23,2022-12-02,LAL,MIL,37:11,28,8,11,2,0
lbj,LeBron James,2022-23,2022-12-04,LAL,WAS,34:26,29,8,6,1,0
lbj,LeBron James,2022-23,2022-12-06,LAL,CLE,35:37,21,17,4,1,1
lbj,LeBron James,2022-23,2022-12-09,LAL,PHI,43:50,23,4,6,2,0
lbj,LeBron James,2022-23,2022-12-11,LAL,DET,36:52,35,5,5,1,0
lbj,LeBron James,2022-23,2022-12-13,LAL,BOS,42:47,33,9,9,2,1
lbj,LeBron James,2022-23,2022-12-16,LAL,DEN,35:56,30,9,4,2,0
lbj,LeBron James,2022-23,2022-12-18,LAL,WAS,36:33,33,7,9,0,1
lbj,LeBron James,2022-23,2022-12-21,LAL,SAC,34:00,31,6,11,0,2
lbj,LeBron James,2022-23,2022-12-23,LAL,CHO,33:56,34,2,8,1,0
lbj,LeBron James,2022-23,2022-12-25,LAL,DAL,34:20,38,6,5,0,0
lbj,LeBron James,2022-23,2022-12-27,LAL,ORL,31:10,28,7,5,1,1
lbj,LeBron James,2022-23,2022-12-28,LAL,MIA,33:30,27,9,6,0,0
lbj,LeBron James,2022-23,2022-12-30,LAL,ATL,39:39,47,10,9,0,1
lbj,LeBron James,2022-23,2023-01-02,LAL,CHO,39:33,43,11,6,1,0
lbj,LeBron James,2022-23,2023-01-06,LAL,ATL,32:47,25,7,10,0,0
lbj,LeBron James,2022-23,2023-01-07,LAL,SAC,37:43,37,8,7,1,0
lbj,LeBron James,2022-23,2023-01-12,LAL,DAL,46:45,24,16,9,2,0
lbj,LeBron James,2022-23,2023-01-15,LAL,PHI,35:18,35,8,10,1,1
lbj,LeBron James,2022-23,2023-01-16,LAL,HOU,35:51,48,8,9,0,0
lbj,LeBron James,2022-23,2023-01-18,LAL,SAC,36:30,32,8,9,1,1
lbj,LeBron James,2022-23,2023-01-20,LAL,MEM,36:32,23,9,6,2,2
lbj,LeBron James,2022-23,2023-01-22,LAL,POR,35:56,37,11,4,0,2
lbj,LeBron James,2022-23,2023-01-24,LAL,LAC,32:35,46,8,7,2,1
lbj,LeBron James,2022-23,2023-01-25,LAL,SAS,35:19,20,9,11,0,0
lbj,LeBron James,2022-23,2023-01-28,LAL,BOS,44:13,41,9,8,0,0
lbj,LeBron James,2022-23,2023-01-31,LAL,NYK,42:56,28,10,11,1,0
lbj,LeBron James,2022-23,2023-02-02,LAL,IND,32:58,26,7,7,0,0
lbj,LeBron James,2022-23,2023-02-04,LAL,NOP,39:37,27,9,6,0,0
lbj,LeBron James,2022-23,2023-02-07,LAL,OKC,33:57,38,7,3,3,0
lbj,LeBron James,2022-23,2023-02-15,LAL,NOP,29:13,21,6,6,0,1
lbj,LeBron James,2022-23,2023-02-23,LAL,GSW,26:19,13,9,8,0,0
lbj,LeBron James,2022-23,2023-02-26,LAL,DAL,36:51,26,8,3,1,1
lbj,LeBron James,2022-23,2023-03-26,LAL,CHI,29:32,19,8,3,0,0
lbj,LeBron James,2022-23,2023-03-29,LAL,CHI,31:16,25,8,4,2,0
lbj,LeBron James,2022-23,2023-03-31,LAL,MIN,32:29,18,10,6,1,2
lbj,LeBron James,2022-23,2023-04-02,LAL,HOU,29:21,18,10,11,0,1
lbj,LeBron James,2022-23,2023-04-04,LAL,UTA,38:28,37,5,6,1,1
lbj,LeBron James,2022-23,2023-04-05,LAL,LAC,35:06,33,8,7,1,1
lbj,LeBron James,2022-23,2023-04-07,LAL,PHO,29:21,16,6,6,0,0
lbj,LeBron James,2022-23,2023-04-09,LAL,UTA,33:13,36,6,6,1,1
lbj,LeBron James,2022-23,nan,nan,nan,1955,1590,457,375,50,32
lbj,LeBron James,2024-25,2024-10-22,LAL,MIN,34:39,16,5,4,0,2
lbj,LeBron James,2024-25,2024-10-25,LAL,PHO,34:42,21,4,8,0,0
lbj,LeBron James,2024-25,2024-10-26,LAL,SAC,33:46,32,14,10,0,1
lbj,LeBron James,2024-25,2024-10-28,LAL,PHO,35:48,11,5,8,1,0
lbj,LeBron James,2024-25,2024-10-30,LAL,CLE,28:58,26,6,3,0,0
lbj,LeBron James,2024-25,2024-11-01,LAL,TOR,36:15,27,6,10,1,0
lbj,LeBron James,2024-25,2024-11-04,LAL,DET,40:00,20,8,11,2,0
lbj,LeBron James,2024-25,2024-11-06,LAL,MEM,35:25,39,7,6,1,0
lbj,LeBron James,2024-25,2024-11-08,LAL,PHI,33:48,21,12,13,0,3
lbj,LeBron James,2024-25,2024-11-10,LAL,TOR,34:47,19,10,16,1,0
lbj,LeBron James,2024-25,2024-11-13,LAL,MEM,36:56,35,12,14,1,0
lbj,LeBron James,2024-25,2024-11-15,LAL,SAS,37:49,15,16,12,1,0
lbj,LeBron James,2024-25,2024-11-16,LAL,NOP,37:02,21,7,5,1,0
lbj,LeBron James,2024-25,2024-11-19,LAL,UTA,33:53,26,2,12,0,0
lbj,LeBron James,2024-25,2024-11-21,LAL,ORL,37:02,31,10,7,0,1
lbj,LeBron James,2024-25,2024-11-23,LAL,DEN,34:41,18,6,7,3,0
lbj,LeBron James,2024-25,2024-11-26,LAL,PHO,34:44,18,8,10,0,0
lbj,LeBron James,2024-25,2024-11-27,LAL,SAS,33:05,16,10,11,1,1
lbj,LeBron James,2024-25,2024-11-29,LAL,OKC,33:31,12,8,6,0,0
lbj,LeBron James,2024-25,2024-12-01,LAL,UTA,36:04,27,5,14,0,2
lbj,LeBron James,2024-25,2024-12-02,LAL,MIN,30:44,10,8,4,0,0
lbj,LeBron James,2024-25,2024-12-04,LAL,MIA,29:03,29,5,8,1,0
lbj,LeBron James,2024-25,2024-12-06,LAL,ATL,43:22,39,10,11,2,3
lbj,LeBron James,2024-25,2024-12-15,LAL,MEM,34:00,18,8,8,1,2
lbj,LeBron James,2024-25,2024-12-19,LAL,SAC,34:05,19,6,7,0,1
lbj,LeBron James,2024-25,2024-12-21,LAL,SAC,34:25,32,7,6,4,0
lbj,LeBron James,2024-25,2024-12-23,LAL,DET,35:26,28,11,11,0,0
lbj,LeBron James,2024-25,2024-12-25,LAL,GSW,36:58,31,4,10,2,1
lbj,LeBron James,2024-25,2024-12-31,LAL,CLE,34:12,23,4,7,0,1
lbj,LeBron James,2024-25,2025-01-02,LAL,POR,36:12,38,3,8,0,0
lbj,LeBron James,2024-25,2025-01-03,LAL,ATL,30:00,30,3,8,0,0
lbj,LeBron James,2024-25,2025-01-05,LAL,HOU,36:03,21,13,9,1,0
lbj,LeBron James,2024-25,2025-01-07,LAL,DAL,34:52,18,10,8,1,0
lbj,LeBron James,2024-25,2025-01-13,LAL,SAS,32:06,18,5,8,1,1
lbj,LeBron James,2024-25,2025-01-15,LAL,MIA,38:09,22,5,9,2,0
lbj,LeBron James,2024-25,2025-01-17,LAL,BRK,34:56,29,7,8,1,2
lbj,LeBron James,2024-25,2025-01-19,LAL,LAC,35:03,25,5,11,3,1
lbj,LeBron James,2024-25,2025-01-21,LAL,WAS,35:39,21,10,13,2,1
lbj,LeBron James,2024-25,2025-01-23,LAL,BOS,30:31,20,14,6,0,0
lbj,LeBron James,2024-25,2025-01-25,LAL,GSW,34:40,25,5,12,1,0
lbj,LeBron James,2024-25,2025-01-27,LAL,CHO,36:25,22,7,8,0,0
lbj,LeBron James,2024-25,2025-01-28,LAL,PHI,32:39,31,8,9,1,0
lbj,LeBron James,2024-25,2025-01-30,LAL,WAS,26:34,24,3,11,0,0
lbj,LeBron James,2024-25,2025-02-01,LAL,NYK,36:49,33,11,12,0,0
lbj,LeBron James,2024-25,2025-02-04,LAL,LAC,31:01,26,8,9,3,0
lbj,LeBron James,2024-25,2025-02-06,LAL,GSW,38:02,42,17,8,1,1
lbj,LeBron James,2024-25,2025-02-10,LAL,UTA,29:00,24,7,8,1,0
lbj,LeBron James,2024-25,2025-02-12,LAL,UTA,33:40,18,6,7,1,0
lbj,LeBron James,2024-25,2025-02-19,LAL,CHO,37:54,26,7,11,1,2
lbj,LeBron James,2024-25,2025-02-20,LAL,POR,35:42,40,8,4,2,1
lbj,LeBron James,2024-25,2025-02-22,LAL,DEN,33:02,25,9,5,1,3
lbj,LeBron James,2024-25,2025-02-25,LAL,DAL,37:04,27,12,3,1,0
lbj,LeBron James,2024-25,2025-02-27,LAL,MIN,37:26,33,17,6,1,1
lbj,LeBron James,2024-25,2025-02-28,LAL,LAC,37:17,28,13,3,1,0
lbj,LeBron James,2024-25,2025-03-02,LAL,LAC,35:32,17,5,9,2,1
lbj,LeBron James,2024-25,2025-03-04,LAL,NOP,33:15,34,8,6,1,2
lbj,LeBron James,2024-25,2025-03-06,LAL,NYK,43:53,31,12,8,0,1
lbj,LeBron James,2024-25,2025-03-08,LAL,BOS,34:30,22,14,9,0,0
lbj,LeBron James,2024-25,2025-03-22,LAL,CHI,31:25,17,6,4,3,0
lbj,LeBron James,2024-25,2025-03-24,LAL,ORL,37:40,24,6,7,0,0
lbj,LeBron James,2024-25,2025-03-26,LAL,IND,37:44,13,13,7,1,0
lbj,LeBron James,2024-25,2025-03-27,LAL,CHI,38:45,17,5,12,2,0
lbj,LeBron James,2024-25,2025-03-29,LAL,MEM,37:27,25,6,8,3,1
lbj,LeBron James,2024-25,2025-03-31,LAL,HOU,37:40,16,8,4,2,2
lbj,LeBron James,2024-25,2025-04-03,LAL,GSW,39:51,33,5,9,1,1
lbj,LeBron James,2024-25,2025-04-04,LAL,NOP,32:39,27,0,8,2,0
lbj,LeBron James,2024-25,2025-04-06,LAL,OKC,34:15,19,3,7,1,0
lbj,LeBron James,2024-25,2025-04-08,LAL,OKC,35:29,28,7,3,1,0
lbj,LeBron James,2024-25,2025-04-09,LAL,DAL,36:17,27,7,3,1,0
lbj,LeBron James,2024-25,2025-04-11,LAL,HOU,22:07,14,4,8,1,0
lbj,LeBron James,2024-25,nan,nan,nan,2447,1710,546,575,70,39
lbj,LeBron James,2025-26,2025-11-18,LAL,UTA,29:37,11,3,12,1,0
lbj,LeBron James,2025-26,2025-11-23,LAL,UTA,34:19,17,6,8,1,0
lbj,LeBron James,2025-26,2025-11-25,LAL,LAC,32:19,25,6,6,1,1
lbj,LeBron James,2025-26,2025-11-28,LAL,DAL,33:57,13,5,7,1,0
lbj,LeBron James,2025-26,2025-12-01,LAL,PHO,31:14,10,0,3,0,0
lbj,LeBron James,2025-26,2025-12-04,LAL,TOR,35:58,8,6,11,0,0
lbj,LeBron James,2025-26,2025-12-07,LAL,PHI,34:12,29,7,6,1,1
lbj,LeBron James,2025-26,2025-12-10,LAL,SAS,36:26,19,15,8,0,3
lbj,LeBron James,2025-26,2025-12-14,LAL,PHO,36:14,26,3,4,2,2
lbj,LeBron James,2025-26,2025-12-18,LAL,UTA,32:37,28,7,10,1,0
lbj,LeBron James,2025-26,2025-12-20,LAL,LAC,37:37,36,4,3,2,1
lbj,LeBron James,2025-26,2025-12-23,LAL,PHO,25:46,23,2,6,0,0
lbj,LeBron James,2025-26,2025-12-25,LAL,HOU,32:26,18,2,5,2,1
lbj,LeBron James,2025-26,2025-12-28,LAL,SAC,28:38,24,3,5,2,0
lbj,LeBron James,2025-26,2025-12-30,LAL,DET,31:55,17,4,4,1,1
lbj,LeBron James,2025-26,2026-01-02,LAL,MEM,36:04,31,9,6,0,0
lbj,LeBron James,2025-26,2026-01-04,LAL,MEM,37:17,26,7,10,1,0
lbj,LeBron James,2025-26,2026-01-06,LAL,NOP,33:09,30,8,8,2,1
lbj,LeBron James,2025-26,2026-01-09,LAL,MIL,32:51,26,9,10,3,0
lbj,LeBron James,2025-26,2026-01-12,LAL,SAC,33:13,22,4,3,1,0
lbj,LeBron James,2025-26,2026-01-13,LAL,ATL,32:35,31,9,10,1,1
lbj,LeBron James,2025-26,2026-01-15,LAL,CHO,32:43,29,9,6,2,1
lbj,LeBron James,2025-26,2026-01-17,LAL,POR,32:27,20,9,8,1,2
lbj,LeBron James,2025-26,2026-01-18,LAL,TOR,31:37,24,4,7,0,2
lbj,LeBron James,2025-26,2026-01-20,LAL,DEN,34:25,19,9,8,0,0
lbj,LeBron James,2025-26,2026-01-22,LAL,LAC,35:52,23,5,6,2,0
lbj,LeBron James,2025-26,2026-01-24,LAL,DAL,36:34,17,8,5,1,1
lbj,LeBron James,2025-26,2026-01-26,LAL,CHI,32:51,24,5,3,1,0
lbj,LeBron James,2025-26,2026-01-28,LAL,CLE,27:08,11,3,5,1,0
lbj,LeBron James,2025-26,2026-01-30,LAL,WAS,29:36,20,3,6,2,0
lbj,LeBron James,2025-26,2026-02-01,LAL,NYK,34:34,22,5,6,1,0
lbj,LeBron James,2025-26,2026-02-03,LAL,BRK,29:52,25,3,7,3,0
lbj,LeBron James,2025-26,2026-02-05,LAL,PHI,37:26,17,4,10,0,1
lbj,LeBron James,2025-26,2026-02-07,LAL,GSW,35:05,20,7,10,1,1
lbj,LeBron James,2025-26,2026-02-09,LAL,OKC,35:59,22,6,10,1,0
lbj,LeBron James,2025-26,2026-02-12,LAL,DAL,35:21,28,10,12,0,1
lbj,LeBron James,2025-26,2026-02-20,LAL,LAC,33:04,13,3,11,1,0
lbj,LeBron James,2025-26,2026-02-22,LAL,BOS,34:29,20,4,5,2,1
lbj,LeBron James,2025-26,2026-02-24,LAL,ORL,31:58,21,6,4,0,2
lbj,LeBron James,2025-26,2026-02-26,LAL,PHO,34:41,15,6,5,0,0
lbj,LeBron James,2025-26,2026-02-28,LAL,GSW,28:20,22,7,9,1,0
lbj,LeBron James,2025-26,2026-03-01,LAL,SAC,26:46,24,1,5,2,1
lbj,LeBron James,2025-26,2026-03-03,LAL,NOP,33:28,21,7,7,0,2
lbj,LeBron James,2025-26,2026-03-05,LAL,DEN,33:42,16,5,8,3,1
lbj,LeBron James,2025-26,2026-03-12,LAL,CHI,33:14,18,7,7,2,1
lbj,LeBron James,2025-26,2026-03-14,LAL,DEN,40:13,17,6,5,2,0
lbj,LeBron James,2025-26,2026-03-16,LAL,HOU,33:22,18,5,5,2,0
lbj,LeBron James,2025-26,2026-03-18,LAL,HOU,34:06,30,5,2,1,1
lbj,LeBron James,2025-26,2026-03-19,LAL,MIA,37:52,19,15,10,0,0
lbj,LeBron James,2025-26,2026-03-21,LAL,ORL,34:23,12,6,4,3,0
lbj,LeBron James,2025-26,2026-03-23,LAL,DET,38:44,12,9,10,0,1
lbj,LeBron James,2025-26,2026-03-25,LAL,IND,34:28,23,9,9,1,0
lbj,LeBron James,2025-26,2026-03-27,LAL,BRK,37:29,14,6,8,1,0
lbj,LeBron James,2025-26,2026-03-30,LAL,WAS,33:02,21,10,12,0,1
lbj,LeBron James,2025-26,2026-03-31,LAL,CLE,30:38,14,5,6,1,1
lbj,LeBron James,2025-26,2026-04-02,LAL,OKC,25:59,13,6,2,1,1
lbj,LeBron James,2025-26,2026-04-05,LAL,DAL,38:43,30,9,15,1,0
lbj,LeBron James,2025-26,2026-04-09,LAL,GSW,31:48,26,8,11,2,1
lbj,LeBron James,2025-26,2026-04-10,LAL,PHO,32:06,28,6,12,4,0
lbj,LeBron James,2025-26,2026-04-12,LAL,UTA,16:33,18,4,6,3,0
lbj,LeBron James,2025-26,nan,nan,nan,1988,1256,364,432,72,35
