Date,Visitor/Neutral,PTS,Home/Neutral,PTS,Notes/BoxScore,Notes/BoxScore,Attend.,LOG,Arena,Notes,Year,Month
"Tue, Nov 2, 1999",Orlando Magic,86,Charlotte Hornets,100,Box Score,,"17,461",,Charlotte Coliseum,,2000,November
"Tue, Nov 2, 1999",Golden State Warriors,96,Dallas Mavericks,108,Box Score,,"12,848",,Reunion Arena,,2000,November
"Tue, Nov 2, 1999",Phoenix Suns,102,Denver Nuggets,107,Box Score,OT,"19,099",,Pepsi Center,,2000,November
"Tue, Nov 2, 1999",Milwaukee Bucks,98,Houston Rockets,93,Box Score,,"14,491",,Compaq Center,,2000,November
"Tue, Nov 2, 1999",Seattle SuperSonics,104,Los Angeles Clippers,92,Box Score,,"17,847",,STAPLES Center,,2000,November
"Tue, Nov 2, 1999",Detroit Pistons,122,Miami Heat,128,Box Score,2OT,"14,623",,Miami Arena,,2000,November
"Tue, Nov 2, 1999",Indiana Pacers,119,New Jersey Nets,112,Box Score,,"13,051",,Continental Airlines Arena,,2000,November
"Tue, Nov 2, 1999",Cleveland Cavaliers,84,New York Knicks,92,Box Score,,"19,763",,Madison Square Garden (IV),,2000,November
"Tue, Nov 2, 1999",Philadelphia 76ers,76,San Antonio Spurs,89,Box Score,,"27,288",,Alamodome,,2000,November
"Tue, Nov 2, 1999",Boston Celtics,103,Toronto Raptors,90,Box Score,,"17,711",2:10,Air Canada Centre,,2000,November
"Tue, Nov 2, 1999",Los Angeles Lakers,91,Utah Jazz,84,Box Score,,"19,911",,Delta Center,,2000,November
"Tue, Nov 2, 1999",Portland Trail Blazers,106,Vancouver Grizzlies,86,Box Score,,"18,218",,General Motors Place,,2000,November
"Tue, Nov 2, 1999",Atlanta Hawks,87,Washington Wizards,94,Box Score,,"16,038",,MCI Center,,2000,November
"Wed, Nov 3, 1999",Washington Wizards,101,Boston Celtics,112,Box Score,,"16,082",2:25,FleetCenter,,2000,November
"Wed, Nov 3, 1999",New York Knicks,84,Chicago Bulls,74,Box Score,,"22,176",,United Center,,2000,November
"Wed, Nov 3, 1999",New Jersey Nets,90,Cleveland Cavaliers,97,Box Score,,"16,777",,Gund Arena,,2000,November
"Wed, Nov 3, 1999",Vancouver Grizzlies,88,Los Angeles Lakers,103,Box Score,,"18,997",,STAPLES Center,,2000,November
"Wed, Nov 3, 1999",Detroit Pistons,94,Orlando Magic,103,Box Score,,"14,253",,TD Waterhouse Centre,,2000,November
"Wed, Nov 3, 1999",Los Angeles Clippers,98,Portland Trail Blazers,121,Box Score,,"20,584",,Rose Garden Arena,,2000,November
"Thu, Nov 4, 1999",Milwaukee Bucks,119,Atlanta Hawks,109,Box Score,,"18,514",,Philips Arena,,2000,November
"Thu, Nov 4, 1999",Indiana Pacers,89,Charlotte Hornets,98,Box Score,,"15,762",,Charlotte Coliseum,,2000,November
"Thu, Nov 4, 1999",Philadelphia 76ers,80,Phoenix Suns,84,Box Score,,"19,023",,America West Arena,,2000,November
"Thu, Nov 4, 1999",Golden State Warriors,81,San Antonio Spurs,104,Box Score,,"14,508",,Alamodome,,2000,November
"Thu, Nov 4, 1999",Dallas Mavericks,96,Seattle SuperSonics,106,Box Score,,"16,140",,KeyArena at Seattle Center,,2000,November
"Thu, Nov 4, 1999",Miami Heat,86,Toronto Raptors,97,Box Score,,"16,389",,Air Canada Centre,,2000,November
"Thu, Nov 4, 1999",Houston Rockets,82,Utah Jazz,98,Box Score,,"19,142",,Delta Center,,2000,November
"Fri, Nov 5, 1999",Charlotte Hornets,100,Boston Celtics,103,Box Score,,"16,582",2:24,FleetCenter,,2000,November
"Fri, Nov 5, 1999",Miami Heat,105,Chicago Bulls,87,Box Score,,"21,972",,United Center,,2000,November
"Fri, Nov 5, 1999",New York Knicks,103,Detroit Pistons,91,Box Score,,"22,076",,The Palace of Auburn Hills,,2000,November
"Fri, Nov 5, 1999",San Antonio Spurs,95,Houston Rockets,85,Box Score,,"16,285",,Compaq Center,,2000,November
"Fri, Nov 5, 1999",Philadelphia 76ers,81,Los Angeles Clippers,91,Box Score,,"14,271",,STAPLES Center,,2000,November
"Fri, Nov 5, 1999",Toronto Raptors,112,New Jersey Nets,92,Box Score,,"15,517",,Continental Airlines Arena,,2000,November
"Fri, Nov 5, 1999",Cleveland Cavaliers,104,Orlando Magic,99,Box Score,,"13,142",,TD Waterhouse Centre,,2000,November
"Fri, Nov 5, 1999",Denver Nuggets,83,Portland Trail Blazers,95,Box Score,,"19,995",,Rose Garden Arena,,2000,November
"Fri, Nov 5, 1999",Minnesota Timberwolves,95,Sacramento Kings,100,Box Score,,"32,623",,Tokyo Dome,"at Tokyo, Japan",2000,November
"Sat, Nov 6, 1999",Chicago Bulls,97,Atlanta Hawks,113,Box Score,,"13,342",,Philips Arena,,2000,November
"Sat, Nov 6, 1999",New York Knicks,93,Cleveland Cavaliers,102,Box Score,,"17,604",,Gund Arena,,2000,November
"Sat, Nov 6, 1999",Dallas Mavericks,120,Golden State Warriors,97,Box Score,,"12,708",,The Arena in Oakland,,2000,November
"Sat, Nov 6, 1999",Boston Celtics,108,Indiana Pacers,115,Box Score,,"18,345",2:36,Conseco Fieldhouse,,2000,November
"Sat, Nov 6, 1999",Detroit Pistons,111,Milwaukee Bucks,121,Box Score,,"18,374",,Bradley Center,,2000,November
"Sat, Nov 6, 1999",Sacramento Kings,101,Minnesota Timberwolves,114,Box Score,,"34,013",,Tokyo Dome,"at Tokyo, Japan",2000,November
"Sat, Nov 6, 1999",Los Angeles Lakers,82,Portland Trail Blazers,97,Box Score,,"20,584",,Rose Garden Arena,,2000,November
"Sat, Nov 6, 1999",Utah Jazz,94,Seattle SuperSonics,99,Box Score,,"17,072",,KeyArena at Seattle Center,,2000,November
"Sat, Nov 6, 1999",Denver Nuggets,94,Vancouver Grizzlies,109,Box Score,,"12,159",,General Motors Place,,2000,November
"Sat, Nov 6, 1999",Orlando Magic,107,Washington Wizards,104,Box Score,,"14,954",,MCI Center,,2000,November
"Sun, Nov 7, 1999",Dallas Mavericks,97,Los Angeles Lakers,105,Box Score,,"18,068",,STAPLES Center,,2000,November
"Sun, Nov 7, 1999",Washington Wizards,87,New Jersey Nets,112,Box Score,,"14,686",,Continental Airlines Arena,,2000,November
"Sun, Nov 7, 1999",San Antonio Spurs,74,Phoenix Suns,77,Box Score,,"19,023",,America West Arena,,2000,November
"Sun, Nov 7, 1999",Charlotte Hornets,99,Toronto Raptors,109,Box Score,,"16,658",,Air Canada Centre,,2000,November
"Mon, Nov 8, 1999",Atlanta Hawks,100,Denver Nuggets,115,Box Score,,"9,108",,Pepsi Center,,2000,November
"Mon, Nov 8, 1999",Orlando Magic,102,Houston Rockets,97,Box Score,,"13,970",,Compaq Center,,2000,November
"Mon, Nov 8, 1999",Utah Jazz,94,Los Angeles Clippers,79,Box Score,,"9,686",,STAPLES Center,,2000,November
"Mon, Nov 8, 1999",Milwaukee Bucks,101,New York Knicks,111,Box Score,OT,"19,763",,Madison Square Garden (IV),,2000,November
"Mon, Nov 8, 1999",Seattle SuperSonics,98,Philadelphia 76ers,117,Box Score,,"19,402",,First Union Center,,2000,November
"Tue, Nov 9, 1999",Phoenix Suns,103,Chicago Bulls,80,Box Score,,"22,026",,United Center,,2000,November
"Tue, Nov 9, 1999",Los Angeles Lakers,123,Dallas Mavericks,101,Box Score,,"17,349",,Reunion Arena,,2000,November
"Tue, Nov 9, 1999",San Antonio Spurs,118,Golden State Warriors,89,Box Score,,"11,601",,The Arena in Oakland,,2000,November
"Tue, Nov 9, 1999",Indiana Pacers,101,Miami Heat,113,Box Score,,"15,200",,Miami Arena,,2000,November
"Tue, Nov 9, 1999",Portland Trail Blazers,87,Utah Jazz,92,Box Score,,"19,538",,Delta Center,,2000,November
"Wed, Nov 10, 1999",Detroit Pistons,110,Boston Celtics,92,Box Score,,"15,638",2:17,FleetCenter,,2000,November
"Wed, Nov 10, 1999",Milwaukee Bucks,111,Charlotte Hornets,117,Box Score,,"15,769",,Charlotte Coliseum,,2000,November
"Wed, Nov 10, 1999",Los Angeles Lakers,89,Houston Rockets,88,Box Score,,"16,285",,Compaq Center,,2000,November
"Wed, Nov 10, 1999",San Antonio Spurs,99,Los Angeles Clippers,94,Box Score,,"11,118",,STAPLES Center,,2000,November
"Wed, Nov 10, 1999",Phoenix Suns,104,New Jersey Nets,89,Box Score,,"11,652",,Continental Airlines Arena,,2000,November
"Wed, Nov 10, 1999",Philadelphia 76ers,105,Orlando Magic,110,Box Score,,"14,056",,TD Waterhouse Centre,,2000,November
"Wed, Nov 10, 1999",Atlanta Hawks,97,Vancouver Grizzlies,102,Box Score,OT,"11,453",,General Motors Place,,2000,November
"Wed, Nov 10, 1999",Seattle SuperSonics,109,Washington Wizards,95,Box Score,,"13,213",,MCI Center,,2000,November
"Thu, Nov 11, 1999",Seattle SuperSonics,109,Cleveland Cavaliers,103,Box Score,,"11,864",,Gund Arena,,2000,November
"Thu, Nov 11, 1999",Toronto Raptors,123,Detroit Pistons,106,Box Score,,"13,157",,The Palace of Auburn Hills,,2000,November
"Thu, Nov 11, 1999",Orlando Magic,101,Indiana Pacers,116,Box Score,,"18,345",,Conseco Fieldhouse,,2000,November
"Thu, Nov 11, 1999",Dallas Mavericks,105,Miami Heat,128,Box Score,,"14,683",,Miami Arena,,2000,November
"Thu, Nov 11, 1999",New York Knicks,90,Minnesota Timberwolves,93,Box Score,,"18,397",,Target Center,,2000,November
"Fri, Nov 12, 1999",New York Knicks,74,Boston Celtics,80,Box Score,,"18,624",2:30,FleetCenter,,2000,November
"Fri, Nov 12, 1999",New Jersey Nets,92,Charlotte Hornets,96,Box Score,,"16,668",,Charlotte Coliseum,,2000,November
"Fri, Nov 12, 1999",Portland Trail Blazers,93,Denver Nuggets,78,Box Score,,"17,512",,Pepsi Center,,2000,November
"Fri, Nov 12, 1999",Houston Rockets,97,Los Angeles Lakers,81,Box Score,,"18,359",,STAPLES Center,,2000,November
"Fri, Nov 12, 1999",Phoenix Suns,92,Milwaukee Bucks,107,Box Score,,"16,137",,Bradley Center,,2000,November
"Fri, Nov 12, 1999",Chicago Bulls,86,Philadelphia 76ers,92,Box Score,,"18,120",,First Union Center,,2000,November
"Fri, Nov 12, 1999",Utah Jazz,92,Sacramento Kings,105,Box Score,,"17,317",,ARCO Arena (II),,2000,November
"Fri, Nov 12, 1999",Golden State Warriors,103,Vancouver Grizzlies,93,Box Score,,"12,792",,General Motors Place,,2000,November
"Fri, Nov 12, 1999",Miami Heat,104,Washington Wizards,95,Box Score,,"13,941",,MCI Center,,2000,November
"Sat, Nov 13, 1999",Boston Celtics,91,Chicago Bulls,92,Box Score,,"22,108",2:24,United Center,,2000,November
"Sat, Nov 13, 1999",Milwaukee Bucks,112,Cleveland Cavaliers,117,Box Score,,"18,640",,Gund Arena,,2000,November
"Sat, Nov 13, 1999",Orlando Magic,117,Dallas Mavericks,125,Box Score,,"12,558",,Reunion Arena,,2000,November
"Sat, Nov 13, 1999",Seattle SuperSonics,99,Detroit Pistons,107,Box Score,,"14,266",,The Palace of Auburn Hills,,2000,November
"Sat, Nov 13, 1999",Houston Rockets,103,Golden State Warriors,95,Box Score,,"11,684",,The Arena in Oakland,,2000,November
"Sat, Nov 13, 1999",Washington Wizards,83,Indiana Pacers,105,Box Score,,"18,345",,Conseco Fieldhouse,,2000,November
"Sat, Nov 13, 1999",Phoenix Suns,100,Minnesota Timberwolves,111,Box Score,,"20,003",,Target Center,,2000,November
"Sat, Nov 13, 1999",Atlanta Hawks,95,Portland Trail Blazers,131,Box Score,,"20,404",,Rose Garden Arena,,2000,November
"Sat, Nov 13, 1999",Charlotte Hornets,79,San Antonio Spurs,95,Box Score,,"19,669",,Alamodome,,2000,November
"Sun, Nov 14, 1999",Atlanta Hawks,88,Los Angeles Lakers,93,Box Score,,"18,510",,STAPLES Center,,2000,November
"Sun, Nov 14, 1999",Miami Heat,94,New York Knicks,88,Box Score,,"19,763",,Madison Square Garden (IV),,2000,November
"Sun, Nov 14, 1999",Denver Nuggets,116,Sacramento Kings,126,Box Score,,"15,491",,ARCO Arena (II),,2000,November
"Sun, Nov 14, 1999",Philadelphia 76ers,93,Toronto Raptors,90,Box Score,,"16,661",,Air Canada Centre,,2000,November
"Sun, Nov 14, 1999",Los Angeles Clippers,89,Vancouver Grizzlies,109,Box Score,,"12,774",,General Motors Place,,2000,November
"Mon, Nov 15, 1999",Indiana Pacers,96,Houston Rockets,87,Box Score,,"14,866",,Compaq Center,,2000,November
"Mon, Nov 15, 1999",Seattle SuperSonics,100,New Jersey Nets,92,Box Score,,"12,474",,Continental Airlines Arena,,2000,November
"Mon, Nov 15, 1999",Los Angeles Lakers,91,Phoenix Suns,82,Box Score,,"19,023",,America West Arena,,2000,November
"Mon, Nov 15, 1999",San Antonio Spurs,85,Utah Jazz,91,Box Score,,"19,584",,Delta Center,,2000,November
"Tue, Nov 16, 1999",Charlotte Hornets,98,Atlanta Hawks,103,Box Score,,"11,426",,Philips Arena,,2000,November
"Tue, Nov 16, 1999",Houston Rockets,95,Dallas Mavericks,114,Box Score,,"14,371",,Reunion Arena,,2000,November
"Tue, Nov 16, 1999",New York Knicks,102,Denver Nuggets,95,Box Score,,"13,196",,Pepsi Center,,2000,November
"Tue, Nov 16, 1999",Chicago Bulls,79,Golden State Warriors,99,Box Score,,"10,340",,The Arena in Oakland,,2000,November
"Tue, Nov 16, 1999",Portland Trail Blazers,101,Miami Heat,96,Box Score,,"15,200",,Miami Arena,,2000,November
"Tue, Nov 16, 1999",Los Angeles Clippers,93,Milwaukee Bucks,101,Box Score,,"12,465",,Bradley Center,,2000,November
"Tue, Nov 16, 1999",Vancouver Grizzlies,77,Sacramento Kings,81,Box Score,,"14,169",,ARCO Arena (II),,2000,November
"Tue, Nov 16, 1999",Indiana Pacers,87,San Antonio Spurs,90,Box Score,OT,"15,905",,Alamodome,,2000,November
"Tue, Nov 16, 1999",Detroit Pistons,85,Toronto Raptors,89,Box Score,,"14,273",,Air Canada Centre,,2000,November
"Tue, Nov 16, 1999",Philadelphia 76ers,95,Washington Wizards,73,Box Score,,"14,524",,MCI Center,,2000,November
"Wed, Nov 17, 1999",Cleveland Cavaliers,103,Boston Celtics,114,Box Score,,"14,140",2:26,FleetCenter,,2000,November
"Wed, Nov 17, 1999",Dallas Mavericks,99,Charlotte Hornets,104,Box Score,,"15,137",,Charlotte Coliseum,,2000,November
"Wed, Nov 17, 1999",New Jersey Nets,107,Detroit Pistons,109,Box Score,,"12,683",,The Palace of Auburn Hills,,2000,November
"Wed, Nov 17, 1999",Los Angeles Clippers,89,Minnesota Timberwolves,85,Box Score,,"13,677",,Target Center,,2000,November
"Wed, Nov 17, 1999",Portland Trail Blazers,81,Orlando Magic,79,Box Score,,"13,542",,TD Waterhouse Centre,,2000,November
"Wed, Nov 17, 1999",Miami Heat,98,Philadelphia 76ers,93,Box Score,,"15,671",,First Union Center,,2000,November
"Wed, Nov 17, 1999",Chicago Bulls,81,Phoenix Suns,105,Box Score,,"18,480",,America West Arena,,2000,November
"Wed, Nov 17, 1999",Golden State Warriors,108,Seattle SuperSonics,111,Box Score,,"15,336",,KeyArena at Seattle Center,,2000,November
"Wed, Nov 17, 1999",New York Knicks,90,Utah Jazz,98,Box Score,,"18,890",,Delta Center,,2000,November
"Thu, Nov 18, 1999",Los Angeles Lakers,82,Denver Nuggets,93,Box Score,,"15,218",,Pepsi Center,,2000,November
"Thu, Nov 18, 1999",Sacramento Kings,128,Houston Rockets,110,Box Score,,"14,898",,Compaq Center,,2000,November
"Thu, Nov 18, 1999",San Antonio Spurs,88,Milwaukee Bucks,99,Box Score,,"15,184",,Bradley Center,,2000,November
"Thu, Nov 18, 1999",Seattle SuperSonics,110,Vancouver Grizzlies,108,Box Score,,"12,275",,General Motors Place,,2000,November
"Thu, Nov 18, 1999",Toronto Raptors,81,Washington Wizards,92,Box Score,,"12,134",,MCI Center,,2000,November
"Fri, Nov 19, 1999",New Jersey Nets,96,Boston Celtics,109,Box Score,,"15,201",2:04,FleetCenter,,2000,November
"Fri, Nov 19, 1999",Sacramento Kings,103,Dallas Mavericks,94,Box Score,,"15,507",,Reunion Arena,,2000,November
"Fri, Nov 19, 1999",Cleveland Cavaliers,90,Detroit Pistons,101,Box Score,,"15,377",,The Palace of Auburn Hills,,2000,November
"Fri, Nov 19, 1999",Atlanta Hawks,105,Indiana Pacers,99,Box Score,,"18,345",,Conseco Fieldhouse,,2000,November
"Fri, Nov 19, 1999",Chicago Bulls,95,Los Angeles Lakers,103,Box Score,,"18,401",,STAPLES Center,,2000,November
"Fri, Nov 19, 1999",Utah Jazz,84,Minnesota Timberwolves,89,Box Score,,"17,517",,Target Center,,2000,November
"Fri, Nov 19, 1999",Charlotte Hornets,103,Orlando Magic,92,Box Score,,"12,936",,TD Waterhouse Centre,,2000,November
"Fri, Nov 19, 1999",Portland Trail Blazers,97,Philadelphia 76ers,91,Box Score,,"20,622",,First Union Center,,2000,November
"Fri, Nov 19, 1999",New York Knicks,81,Phoenix Suns,96,Box Score,,"19,023",,America West Arena,,2000,November
"Fri, Nov 19, 1999",Los Angeles Clippers,100,Toronto Raptors,106,Box Score,,"16,368",,Air Canada Centre,,2000,November
"Sat, Nov 20, 1999",Orlando Magic,107,Atlanta Hawks,103,Box Score,,"14,338",,Philips Arena,,2000,November
"Sat, Nov 20, 1999",Portland Trail Blazers,100,Charlotte Hornets,96,Box Score,OT,"20,688",,Charlotte Coliseum,,2000,November
"Sat, Nov 20, 1999",Indiana Pacers,107,Cleveland Cavaliers,98,Box Score,,"13,806",,Gund Arena,,2000,November
"Sat, Nov 20, 1999",Chicago Bulls,86,Denver Nuggets,95,Box Score,,"15,920",,Pepsi Center,,2000,November
"Sat, Nov 20, 1999",New York Knicks,86,Golden State Warriors,79,Box Score,,"18,533",,The Arena in Oakland,,2000,November
"Sat, Nov 20, 1999",Boston Celtics,92,Miami Heat,110,Box Score,,"15,200",2:10,Miami Arena,,2000,November
"Sat, Nov 20, 1999",Utah Jazz,111,Milwaukee Bucks,100,Box Score,,"18,027",,Bradley Center,,2000,November
"Sat, Nov 20, 1999",Philadelphia 76ers,100,New Jersey Nets,96,Box Score,,"15,118",,Continental Airlines Arena,,2000,November
"Sat, Nov 20, 1999",Dallas Mavericks,90,San Antonio Spurs,106,Box Score,,"16,596",,Alamodome,,2000,November
"Sat, Nov 20, 1999",Houston Rockets,107,Seattle SuperSonics,110,Box Score,,"15,816",,KeyArena at Seattle Center,,2000,November
"Sat, Nov 20, 1999",Los Angeles Clippers,98,Washington Wizards,89,Box Score,,"11,753",,MCI Center,,2000,November
"Sun, Nov 21, 1999",Milwaukee Bucks,94,Detroit Pistons,113,Box Score,,"13,163",,The Palace of Auburn Hills,,2000,November
"Sun, Nov 21, 1999",Toronto Raptors,111,Los Angeles Lakers,102,Box Score,,"18,676",,STAPLES Center,,2000,November
"Sun, Nov 21, 1999",Seattle SuperSonics,86,Phoenix Suns,99,Box Score,,"18,663",,America West Arena,,2000,November
"Sun, Nov 21, 1999",Houston Rockets,105,Sacramento Kings,110,Box Score,,"17,317",,ARCO Arena (II),,2000,November
"Sun, Nov 21, 1999",Minnesota Timberwolves,105,Vancouver Grizzlies,81,Box Score,,"12,493",,General Motors Place,,2000,November
"Mon, Nov 22, 1999",Indiana Pacers,85,Boston Celtics,95,Box Score,,"15,728",2:13,FleetCenter,,2000,November
"Mon, Nov 22, 1999",San Antonio Spurs,94,Philadelphia 76ers,91,Box Score,,"16,553",,First Union Center,,2000,November
"Mon, Nov 22, 1999",Minnesota Timberwolves,93,Utah Jazz,108,Box Score,,"19,725",,Delta Center,,2000,November
"Tue, Nov 23, 1999",Miami Heat,106,Atlanta Hawks,113,Box Score,,"11,279",,Philips Arena,,2000,November
"Tue, Nov 23, 1999",Portland Trail Blazers,100,Cleveland Cavaliers,103,Box Score,,"13,565",,Gund Arena,,2000,November
"Tue, Nov 23, 1999",Dallas Mavericks,99,Houston Rockets,119,Box Score,,"15,088",,Compaq Center,,2000,November
"Tue, Nov 23, 1999",New York Knicks,95,Los Angeles Clippers,100,Box Score,,"14,487",,STAPLES Center,,2000,November
"Tue, Nov 23, 1999",Toronto Raptors,93,Phoenix Suns,94,Box Score,,"18,718",,America West Arena,,2000,November
"Tue, Nov 23, 1999",New Jersey Nets,92,Sacramento Kings,105,Box Score,,"17,021",,ARCO Arena (II),,2000,November
"Tue, Nov 23, 1999",Vancouver Grizzlies,87,Washington Wizards,89,Box Score,,"11,219",,MCI Center,,2000,November
"Wed, Nov 24, 1999",San Antonio Spurs,121,Boston Celtics,98,Box Score,,"17,426",2:03,FleetCenter,,2000,November
"Wed, Nov 24, 1999",Vancouver Grizzlies,73,Charlotte Hornets,89,Box Score,,"16,003",,Charlotte Coliseum,,2000,November
"Wed, Nov 24, 1999",Toronto Raptors,84,Denver Nuggets,109,Box Score,,"13,624",,Pepsi Center,,2000,November
"Wed, Nov 24, 1999",New Jersey Nets,92,Golden State Warriors,84,Box Score,,"10,017",,The Arena in Oakland,,2000,November
"Wed, Nov 24, 1999",Utah Jazz,82,Los Angeles Lakers,90,Box Score,,"18,997",,STAPLES Center,,2000,November
"Wed, Nov 24, 1999",Atlanta Hawks,91,Miami Heat,93,Box Score,,"14,554",,Miami Arena,,2000,November
"Wed, Nov 24, 1999",Chicago Bulls,95,Milwaukee Bucks,102,Box Score,,"14,209",,Bradley Center,,2000,November
"Wed, Nov 24, 1999",Portland Trail Blazers,88,Minnesota Timberwolves,81,Box Score,,"16,219",,Target Center,,2000,November
"Wed, Nov 24, 1999",Dallas Mavericks,100,Orlando Magic,112,Box Score,,"12,741",,TD Waterhouse Centre,,2000,November
"Wed, Nov 24, 1999",Washington Wizards,101,Philadelphia 76ers,93,Box Score,,"14,616",,First Union Center,,2000,November
"Thu, Nov 25, 1999",Detroit Pistons,107,Indiana Pacers,99,Box Score,,"18,345",,Conseco Fieldhouse,,2000,November
"Fri, Nov 26, 1999",Milwaukee Bucks,114,Boston Celtics,112,Box Score,,"18,027",2:13,FleetCenter,,2000,November
"Fri, Nov 26, 1999",Washington Wizards,85,Charlotte Hornets,118,Box Score,,"18,542",,Charlotte Coliseum,,2000,November
"Fri, Nov 26, 1999",Minnesota Timberwolves,105,Denver Nuggets,114,Box Score,,"18,506",,Pepsi Center,,2000,November
"Fri, Nov 26, 1999",Atlanta Hawks,91,Detroit Pistons,93,Box Score,,"17,891",,The Palace of Auburn Hills,,2000,November
"Fri, Nov 26, 1999",Vancouver Grizzlies,86,Indiana Pacers,105,Box Score,,"18,345",,Conseco Fieldhouse,,2000,November
"Fri, Nov 26, 1999",New Jersey Nets,80,Los Angeles Lakers,103,Box Score,,"18,997",,STAPLES Center,,2000,November
"Fri, Nov 26, 1999",Cleveland Cavaliers,83,Philadelphia 76ers,106,Box Score,,"16,320",,First Union Center,,2000,November
"Fri, Nov 26, 1999",Houston Rockets,88,Portland Trail Blazers,91,Box Score,OT,"20,477",,Rose Garden Arena,,2000,November
"Fri, Nov 26, 1999",Golden State Warriors,95,Sacramento Kings,124,Box Score,,"17,317",,ARCO Arena (II),,2000,November
"Fri, Nov 26, 1999",Chicago Bulls,78,San Antonio Spurs,101,Box Score,,"24,919",,Alamodome,,2000,November
"Fri, Nov 26, 1999",Los Angeles Clippers,93,Seattle SuperSonics,98,Box Score,,"14,439",,KeyArena at Seattle Center,,2000,November
"Fri, Nov 26, 1999",Toronto Raptors,100,Utah Jazz,87,Box Score,,"19,771",,Delta Center,,2000,November
"Sat, Nov 27, 1999",Boston Celtics,84,Atlanta Hawks,94,Box Score,,"13,736",2:17,Philips Arena,,2000,November
"Sat, Nov 27, 1999",Charlotte Hornets,89,Cleveland Cavaliers,106,Box Score,,"15,194",,Gund Arena,,2000,November
"Sat, Nov 27, 1999",Chicago Bulls,83,Dallas Mavericks,95,Box Score,,"14,436",,Reunion Arena,,2000,November
"Sat, Nov 27, 1999",Toronto Raptors,106,Golden State Warriors,88,Box Score,,"12,251",,The Arena in Oakland,,2000,November
"Sat, Nov 27, 1999",Portland Trail Blazers,88,Los Angeles Clippers,71,Box Score,,"14,552",,STAPLES Center,,2000,November
"Sat, Nov 27, 1999",Washington Wizards,86,Miami Heat,89,Box Score,,"14,621",,Miami Arena,,2000,November
"Sat, Nov 27, 1999",Philadelphia 76ers,82,Milwaukee Bucks,79,Box Score,,"15,216",,Bradley Center,,2000,November
"Sat, Nov 27, 1999",Vancouver Grizzlies,82,Minnesota Timberwolves,113,Box Score,,"16,881",,Target Center,,2000,November
"Sat, Nov 27, 1999",Orlando Magic,96,New York Knicks,99,Box Score,,"19,763",,Madison Square Garden (IV),,2000,November
"Sat, Nov 27, 1999",New Jersey Nets,90,Phoenix Suns,129,Box Score,,"19,023",,America West Arena,,2000,November
"Sat, Nov 27, 1999",Denver Nuggets,87,San Antonio Spurs,106,Box Score,,"22,188",,Alamodome,,2000,November
"Sun, Nov 28, 1999",Orlando Magic,108,Detroit Pistons,99,Box Score,,"13,212",,The Palace of Auburn Hills,,2000,November
"Sun, Nov 28, 1999",Indiana Pacers,91,Seattle SuperSonics,102,Box Score,,"14,644",,KeyArena at Seattle Center,,2000,November
"Mon, Nov 29, 1999",Sacramento Kings,88,Miami Heat,98,Box Score,,"14,723",,Miami Arena,,2000,November
"Mon, Nov 29, 1999",Dallas Mavericks,82,New York Knicks,107,Box Score,,"19,763",,Madison Square Garden (IV),,2000,November
"Mon, Nov 29, 1999",Indiana Pacers,93,Portland Trail Blazers,91,Box Score,,"20,049",,Rose Garden Arena,,2000,November
"Mon, Nov 29, 1999",Golden State Warriors,99,Utah Jazz,115,Box Score,,"18,892",,Delta Center,,2000,November
"Mon, Nov 29, 1999",Houston Rockets,118,Vancouver Grizzlies,110,Box Score,OT,"15,086",,General Motors Place,,2000,November
"Tue, Nov 30, 1999",Dallas Mavericks,99,Cleveland Cavaliers,106,Box Score,,"11,033",,Gund Arena,,2000,November
"Tue, Nov 30, 1999",Phoenix Suns,94,Los Angeles Clippers,80,Box Score,,"10,233",,STAPLES Center,,2000,November
"Tue, Nov 30, 1999",Denver Nuggets,92,Minnesota Timberwolves,109,Box Score,,"13,117",,Target Center,,2000,November
"Tue, Nov 30, 1999",Washington Wizards,85,New Jersey Nets,78,Box Score,,"13,507",,Continental Airlines Arena,,2000,November
"Tue, Nov 30, 1999",Sacramento Kings,111,Orlando Magic,102,Box Score,,"14,439",,TD Waterhouse Centre,,2000,November
"Tue, Nov 30, 1999",New York Knicks,70,Philadelphia 76ers,74,Box Score,,"17,420",,First Union Center,,2000,November
"Tue, Nov 30, 1999",Detroit Pistons,87,San Antonio Spurs,106,Box Score,,"18,328",,Alamodome,,2000,November
"Tue, Nov 30, 1999",Los Angeles Lakers,101,Seattle SuperSonics,77,Box Score,,"17,072",,KeyArena at Seattle Center,,2000,November
"Tue, Nov 30, 1999",Atlanta Hawks,107,Toronto Raptors,89,Box Score,,"16,862",,Air Canada Centre,,2000,November
"Wed, Dec 1, 1999",Detroit Pistons,96,Denver Nuggets,100,Box Score,,"11,881",,Pepsi Center,,2000,December
"Wed, Dec 1, 1999",Golden State Warriors,75,Los Angeles Lakers,93,Box Score,,"17,689",,STAPLES Center,,2000,December
"Wed, Dec 1, 1999",Philadelphia 76ers,83,Miami Heat,90,Box Score,,"14,513",,Miami Arena,,2000,December
"Wed, Dec 1, 1999",Houston Rockets,122,Phoenix Suns,128,Box Score,2OT,"18,630",,America West Arena,,2000,December
"Wed, Dec 1, 1999",Charlotte Hornets,90,Portland Trail Blazers,94,Box Score,,"19,980",,Rose Garden Arena,,2000,December
"Wed, Dec 1, 1999",Indiana Pacers,96,Vancouver Grizzlies,89,Box Score,,"11,683",,General Motors Place,,2000,December
"Wed, Dec 1, 1999",Cleveland Cavaliers,111,Washington Wizards,108,Box Score,,"12,144",,MCI Center,,2000,December
"Thu, Dec 2, 1999",Sacramento Kings,100,Atlanta Hawks,110,Box Score,,"14,537",,Philips Arena,,2000,December
"Thu, Dec 2, 1999",Dallas Mavericks,101,Chicago Bulls,95,Box Score,,"22,109",,United Center,,2000,December
"Thu, Dec 2, 1999",Seattle SuperSonics,117,Golden State Warriors,108,Box Score,,"10,112",,The Arena in Oakland,,2000,December
"Thu, Dec 2, 1999",Houston Rockets,109,Los Angeles Clippers,96,Box Score,,"10,673",,STAPLES Center,,2000,December
"Thu, Dec 2, 1999",New York Knicks,84,Milwaukee Bucks,80,Box Score,,"14,365",,Bradley Center,,2000,December
"Thu, Dec 2, 1999",Orlando Magic,103,Minnesota Timberwolves,93,Box Score,,"13,228",,Target Center,,2000,December
"Thu, Dec 2, 1999",San Antonio Spurs,96,New Jersey Nets,94,Box Score,,"13,626",,Continental Airlines Arena,,2000,December
"Fri, Dec 3, 1999",Miami Heat,84,Boston Celtics,96,Box Score,,"15,954",2:18,FleetCenter,,2000,December
"Fri, Dec 3, 1999",Philadelphia 76ers,102,Cleveland Cavaliers,100,Box Score,OT,"14,626",,Gund Arena,,2000,December
"Fri, Dec 3, 1999",Orlando Magic,112,Denver Nuggets,100,Box Score,,"14,383",,Pepsi Center,,2000,December
"Fri, Dec 3, 1999",San Antonio Spurs,80,Detroit Pistons,102,Box Score,,"18,338",,The Palace of Auburn Hills,,2000,December
"Fri, Dec 3, 1999",Portland Trail Blazers,80,Los Angeles Lakers,93,Box Score,,"18,997",,STAPLES Center,,2000,December
"Fri, Dec 3, 1999",Washington Wizards,93,Toronto Raptors,95,Box Score,,"15,787",,Air Canada Centre,,2000,December
"Fri, Dec 3, 1999",Indiana Pacers,100,Utah Jazz,75,Box Score,,"19,084",,Delta Center,,2000,December
"Fri, Dec 3, 1999",Charlotte Hornets,113,Vancouver Grizzlies,94,Box Score,,"12,107",,General Motors Place,,2000,December
"Sat, Dec 4, 1999",Detroit Pistons,110,Atlanta Hawks,112,Box Score,,"17,328",,Philips Arena,,2000,December
"Sat, Dec 4, 1999",Milwaukee Bucks,92,Chicago Bulls,91,Box Score,,"22,188",,United Center,,2000,December
"Sat, Dec 4, 1999",Utah Jazz,94,Golden State Warriors,82,Box Score,,"11,790",,The Arena in Oakland,,2000,December
"Sat, Dec 4, 1999",Phoenix Suns,95,Houston Rockets,105,Box Score,,"16,285",,Compaq Center,,2000,December
"Sat, Dec 4, 1999",Seattle SuperSonics,102,Los Angeles Clippers,89,Box Score,,"10,326",,STAPLES Center,,2000,December
"Sat, Dec 4, 1999",Dallas Mavericks,103,Minnesota Timberwolves,84,Box Score,,"16,671",,Target Center,,2000,December
"Sat, Dec 4, 1999",New York Knicks,92,New Jersey Nets,82,Box Score,,"20,049",,Continental Airlines Arena,,2000,December
"Sat, Dec 4, 1999",Boston Celtics,74,Philadelphia 76ers,77,Box Score,,"16,784",2:15,First Union Center,,2000,December
"Sat, Dec 4, 1999",Sacramento Kings,114,Washington Wizards,104,Box Score,,"19,220",,MCI Center,,2000,December
"Sun, Dec 5, 1999",Orlando Magic,100,Los Angeles Lakers,117,Box Score,,"18,422",,STAPLES Center,,2000,December
"Sun, Dec 5, 1999",Dallas Mavericks,97,Milwaukee Bucks,103,Box Score,,"12,214",,Bradley Center,,2000,December
"Sun, Dec 5, 1999",Denver Nuggets,80,New York Knicks,78,Box Score,,"19,763",,Madison Square Garden (IV),,2000,December
"Sun, Dec 5, 1999",Portland Trail Blazers,92,Phoenix Suns,90,Box Score,,"19,023",,America West Arena,,2000,December
"Sun, Dec 5, 1999",Charlotte Hornets,103,Seattle SuperSonics,81,Box Score,,"12,233",,KeyArena at Seattle Center,,2000,December
"Sun, Dec 5, 1999",San Antonio Spurs,92,Toronto Raptors,98,Box Score,,"18,455",,Air Canada Centre,,2000,December
"Mon, Dec 6, 1999",Vancouver Grizzlies,99,Houston Rockets,102,Box Score,,"14,458",,Compaq Center,,2000,December
"Mon, Dec 6, 1999",Miami Heat,99,Los Angeles Clippers,91,Box Score,,"10,194",,STAPLES Center,,2000,December
"Mon, Dec 6, 1999",Sacramento Kings,95,New Jersey Nets,109,Box Score,,"13,127",,Continental Airlines Arena,,2000,December
"Mon, Dec 6, 1999",Denver Nuggets,94,Philadelphia 76ers,77,Box Score,,"14,108",,First Union Center,,2000,December
"Mon, Dec 6, 1999",Washington Wizards,96,Utah Jazz,102,Box Score,,"19,000",,Delta Center,,2000,December
"Tue, Dec 7, 1999",Vancouver Grizzlies,104,Dallas Mavericks,95,Box Score,,"11,552",,Reunion Arena,,2000,December
"Tue, Dec 7, 1999",San Antonio Spurs,77,Indiana Pacers,83,Box Score,,"18,345",,Conseco Fieldhouse,,2000,December
"Tue, Dec 7, 1999",Washington Wizards,80,Los Angeles Lakers,91,Box Score,,"17,571",,STAPLES Center,,2000,December
"Tue, Dec 7, 1999",Detroit Pistons,116,Milwaukee Bucks,112,Box Score,,"12,847",,Bradley Center,,2000,December
"Tue, Dec 7, 1999",Golden State Warriors,83,New York Knicks,89,Box Score,,"19,763",,Madison Square Garden (IV),,2000,December
"Tue, Dec 7, 1999",Orlando Magic,107,Phoenix Suns,110,Box Score,,"18,249",,America West Arena,,2000,December
"Tue, Dec 7, 1999",Miami Heat,86,Portland Trail Blazers,76,Box Score,,"20,317",,Rose Garden Arena,,2000,December
"Tue, Dec 7, 1999",Cleveland Cavaliers,98,Toronto Raptors,101,Box Score,,"15,162",,Air Canada Centre,,2000,December
"Wed, Dec 8, 1999",Los Angeles Clippers,81,Atlanta Hawks,99,Box Score,,"16,378",,Philips Arena,,2000,December
"Wed, Dec 8, 1999",Denver Nuggets,90,Boston Celtics,115,Box Score,,"15,730",2:05,FleetCenter,,2000,December
"Wed, Dec 8, 1999",Golden State Warriors,106,Charlotte Hornets,113,Box Score,,"15,327",,Charlotte Coliseum,,2000,December
"Wed, Dec 8, 1999",Chicago Bulls,93,Cleveland Cavaliers,107,Box Score,,"11,226",,Gund Arena,,2000,December
"Wed, Dec 8, 1999",Milwaukee Bucks,90,New Jersey Nets,107,Box Score,,"12,366",,Continental Airlines Arena,,2000,December
"Wed, Dec 8, 1999",Houston Rockets,73,Philadelphia 76ers,83,Box Score,,"19,109",,First Union Center,,2000,December
"Wed, Dec 8, 1999",Los Angeles Lakers,91,Sacramento Kings,103,Box Score,,"17,317",,ARCO Arena (II),,2000,December
"Wed, Dec 8, 1999",Minnesota Timberwolves,94,Seattle SuperSonics,110,Box Score,,"13,180",,KeyArena at Seattle Center,,2000,December
"Wed, Dec 8, 1999",Dallas Mavericks,79,Utah Jazz,85,Box Score,,"18,090",,Delta Center,,2000,December
"Thu, Dec 9, 1999",Washington Wizards,85,Phoenix Suns,99,Box Score,,"18,053",,America West Arena,,2000,December
"Thu, Dec 9, 1999",Minnesota Timberwolves,86,Portland Trail Blazers,90,Box Score,,"19,980",,Rose Garden Arena,,2000,December
"Thu, Dec 9, 1999",Vancouver Grizzlies,91,San Antonio Spurs,99,Box Score,,"14,778",,Alamodome,,2000,December
"Fri, Dec 10, 1999",Golden State Warriors,107,Atlanta Hawks,99,Box Score,,"14,313",,Philips Arena,,2000,December
"Fri, Dec 10, 1999",Houston Rockets,96,Boston Celtics,100,Box Score,,"16,683",2:21,FleetCenter,,2000,December
"Fri, Dec 10, 1999",Denver Nuggets,99,Charlotte Hornets,106,Box Score,,"17,320",,Charlotte Coliseum,,2000,December
"Fri, Dec 10, 1999",New Jersey Nets,69,Chicago Bulls,71,Box Score,,"22,112",,United Center,,2000,December
"Fri, Dec 10, 1999",Los Angeles Clippers,83,Detroit Pistons,107,Box Score,,"15,249",,The Palace of Auburn Hills,,2000,December
"Fri, Dec 10, 1999",Cleveland Cavaliers,88,Indiana Pacers,136,Box Score,,"18,345",,Conseco Fieldhouse,,2000,December
"Fri, Dec 10, 1999",Philadelphia 76ers,78,New York Knicks,85,Box Score,,"19,763",,Madison Square Garden (IV),,2000,December
"Fri, Dec 10, 1999",Miami Heat,107,Sacramento Kings,97,Box Score,,"17,317",,ARCO Arena (II),,2000,December
"Fri, Dec 10, 1999",Milwaukee Bucks,107,Toronto Raptors,91,Box Score,,"17,963",,Air Canada Centre,,2000,December
"Fri, Dec 10, 1999",Seattle SuperSonics,83,Utah Jazz,101,Box Score,,"19,372",,Delta Center,,2000,December
"Sat, Dec 11, 1999",Atlanta Hawks,116,Cleveland Cavaliers,127,Box Score,,"11,328",,Gund Arena,,2000,December
"Sat, Dec 11, 1999",Phoenix Suns,115,Dallas Mavericks,120,Box Score,,"14,444",,Reunion Arena,,2000,December
"Sat, Dec 11, 1999",Los Angeles Clippers,90,Indiana Pacers,108,Box Score,,"18,345",,Conseco Fieldhouse,,2000,December
"Sat, Dec 11, 1999",Denver Nuggets,101,Milwaukee Bucks,99,Box Score,,"15,862",,Bradley Center,,2000,December
"Sat, Dec 11, 1999",Golden State Warriors,104,Minnesota Timberwolves,76,Box Score,,"14,739",,Target Center,,2000,December
"Sat, Dec 11, 1999",Houston Rockets,94,New Jersey Nets,106,Box Score,,"15,861",,Continental Airlines Arena,,2000,December
"Sat, Dec 11, 1999",Chicago Bulls,87,Orlando Magic,108,Box Score,,"13,120",,TD Waterhouse Centre,,2000,December
"Sat, Dec 11, 1999",Charlotte Hornets,106,Philadelphia 76ers,84,Box Score,,"18,078",,First Union Center,,2000,December
"Sat, Dec 11, 1999",Portland Trail Blazers,101,Sacramento Kings,96,Box Score,,"17,317",,ARCO Arena (II),,2000,December
"Sat, Dec 11, 1999",Washington Wizards,99,San Antonio Spurs,89,Box Score,,"17,187",,Alamodome,,2000,December
"Sat, Dec 11, 1999",Miami Heat,88,Seattle SuperSonics,92,Box Score,,"15,141",,KeyArena at Seattle Center,,2000,December
"Sat, Dec 11, 1999",Los Angeles Lakers,106,Vancouver Grizzlies,94,Box Score,,"14,059",,General Motors Place,,2000,December
"Sun, Dec 12, 1999",Detroit Pistons,93,Los Angeles Lakers,101,Box Score,,"18,785",,STAPLES Center,,2000,December
"Sun, Dec 12, 1999",Boston Celtics,97,New York Knicks,99,Box Score,,"19,763",2:26,Madison Square Garden (IV),,2000,December
"Sun, Dec 12, 1999",Utah Jazz,103,Toronto Raptors,88,Box Score,,"18,163",,Air Canada Centre,,2000,December
"Mon, Dec 13, 1999",Vancouver Grizzlies,90,Los Angeles Clippers,102,Box Score,,"9,303",,STAPLES Center,,2000,December
"Tue, Dec 14, 1999",Minnesota Timberwolves,94,Atlanta Hawks,105,Box Score,,"14,070",,Philips Arena,,2000,December
"Tue, Dec 14, 1999",Boston Celtics,88,Cleveland Cavaliers,115,Box Score,,"11,997",2:03,Gund Arena,,2000,December
"Tue, Dec 14, 1999",San Antonio Spurs,111,Dallas Mavericks,93,Box Score,,"13,685",,Reunion Arena,,2000,December
"Tue, Dec 14, 1999",Miami Heat,97,Golden State Warriors,102,Box Score,,"11,083",,The Arena in Oakland,,2000,December
"Tue, Dec 14, 1999",New York Knicks,101,Houston Rockets,90,Box Score,,"15,650",,Compaq Center,,2000,December
"Tue, Dec 14, 1999",Los Angeles Clippers,68,Los Angeles Lakers,95,Box Score,,"18,719",,STAPLES Center,,2000,December
"Tue, Dec 14, 1999",Detroit Pistons,104,Phoenix Suns,114,Box Score,,"18,575",,America West Arena,,2000,December
"Tue, Dec 14, 1999",Denver Nuggets,84,Seattle SuperSonics,109,Box Score,,"11,879",,KeyArena at Seattle Center,,2000,December
"Tue, Dec 14, 1999",Indiana Pacers,97,Toronto Raptors,105,Box Score,,"15,774",,Air Canada Centre,,2000,December
"Tue, Dec 14, 1999",Utah Jazz,101,Washington Wizards,80,Box Score,,"13,921",,MCI Center,,2000,December
"Wed, Dec 15, 1999",Utah Jazz,96,Boston Celtics,86,Box Score,,"15,249",2:15,FleetCenter,,2000,December
"Wed, Dec 15, 1999",Minnesota Timberwolves,98,Charlotte Hornets,103,Box Score,,"16,303",,Charlotte Coliseum,,2000,December
"Wed, Dec 15, 1999",Chicago Bulls,91,Indiana Pacers,102,Box Score,,"18,345",,Conseco Fieldhouse,,2000,December
"Wed, Dec 15, 1999",Cleveland Cavaliers,101,New Jersey Nets,111,Box Score,,"12,767",,Continental Airlines Arena,,2000,December
"Wed, Dec 15, 1999",Milwaukee Bucks,116,Orlando Magic,99,Box Score,,"12,308",,TD Waterhouse Centre,,2000,December
"Wed, Dec 15, 1999",Toronto Raptors,91,Philadelphia 76ers,93,Box Score,,"15,421",,First Union Center,,2000,December
"Wed, Dec 15, 1999",Houston Rockets,77,San Antonio Spurs,83,Box Score,,"23,837",,Alamodome,,2000,December
"Wed, Dec 15, 1999",Sacramento Kings,109,Vancouver Grizzlies,106,Box Score,,"12,490",,General Motors Place,,2000,December
"Thu, Dec 16, 1999",Los Angeles Lakers,95,Atlanta Hawks,88,Box Score,,"19,463",,Philips Arena,,2000,December
"Thu, Dec 16, 1999",New York Knicks,100,Dallas Mavericks,93,Box Score,,"13,796",,Reunion Arena,,2000,December
"Thu, Dec 16, 1999",Sacramento Kings,106,Denver Nuggets,116,Box Score,,"15,576",,Pepsi Center,,2000,December
"Thu, Dec 16, 1999",Detroit Pistons,116,Golden State Warriors,108,Box Score,,"10,249",,The Arena in Oakland,,2000,December
"Thu, Dec 16, 1999",Milwaukee Bucks,96,Miami Heat,95,Box Score,,"14,503",,Miami Arena,,2000,December
"Thu, Dec 16, 1999",Portland Trail Blazers,107,Seattle SuperSonics,81,Box Score,,"17,072",,KeyArena at Seattle Center,,2000,December
"Thu, Dec 16, 1999",New Jersey Nets,104,Washington Wizards,108,Box Score,,"11,355",,MCI Center,,2000,December
"Fri, Dec 17, 1999",Cleveland Cavaliers,86,Charlotte Hornets,99,Box Score,,"16,586",,Charlotte Coliseum,,2000,December
"Fri, Dec 17, 1999",Utah Jazz,74,Indiana Pacers,89,Box Score,,"18,345",,Conseco Fieldhouse,,2000,December
"Fri, Dec 17, 1999",Golden State Warriors,91,Los Angeles Clippers,92,Box Score,,"11,217",,STAPLES Center,,2000,December
"Fri, Dec 17, 1999",Los Angeles Lakers,97,Minnesota Timberwolves,88,Box Score,,"19,354",,Target Center,,2000,December
"Fri, Dec 17, 1999",Toronto Raptors,98,Orlando Magic,112,Box Score,,"13,481",,TD Waterhouse Centre,,2000,December
"Fri, Dec 17, 1999",Chicago Bulls,74,Philadelphia 76ers,77,Box Score,,"14,801",,First Union Center,,2000,December
"Fri, Dec 17, 1999",Phoenix Suns,110,Portland Trail Blazers,102,Box Score,,"20,584",,Rose Garden Arena,,2000,December
"Fri, Dec 17, 1999",Boston Celtics,94,San Antonio Spurs,103,Box Score,,"17,264",2:29,Alamodome,,2000,December
"Sat, Dec 18, 1999",Utah Jazz,106,Atlanta Hawks,96,Box Score,,"17,368",,Philips Arena,,2000,December
"Sat, Dec 18, 1999",Orlando Magic,83,Chicago Bulls,74,Box Score,,"22,083",,United Center,,2000,December
"Sat, Dec 18, 1999",New Jersey Nets,98,Cleveland Cavaliers,74,Box Score,,"13,225",,Gund Arena,,2000,December
"Sat, Dec 18, 1999",Minnesota Timberwolves,108,Dallas Mavericks,104,Box Score,,"13,702",,Reunion Arena,,2000,December
"Sat, Dec 18, 1999",San Antonio Spurs,84,Denver Nuggets,86,Box Score,,"17,318",,Pepsi Center,,2000,December
"Sat, Dec 18, 1999",Philadelphia 76ers,91,Detroit Pistons,104,Box Score,,"16,792",,The Palace of Auburn Hills,,2000,December
"Sat, Dec 18, 1999",Boston Celtics,94,Houston Rockets,100,Box Score,,"15,032",2:19,Compaq Center,,2000,December
"Sat, Dec 18, 1999",Charlotte Hornets,106,Miami Heat,89,Box Score,,"14,621",,Miami Arena,,2000,December
"Sat, Dec 18, 1999",Indiana Pacers,95,Milwaukee Bucks,109,Box Score,,"15,236",,Bradley Center,,2000,December
"Sat, Dec 18, 1999",Washington Wizards,95,New York Knicks,83,Box Score,,"19,763",,Madison Square Garden (IV),,2000,December
"Sat, Dec 18, 1999",Sacramento Kings,103,Phoenix Suns,119,Box Score,,"19,023",,America West Arena,,2000,December
"Sat, Dec 18, 1999",Vancouver Grizzlies,89,Seattle SuperSonics,112,Box Score,,"14,094",,KeyArena at Seattle Center,,2000,December
"Sun, Dec 19, 1999",Atlanta Hawks,88,New Jersey Nets,96,Box Score,,"11,990",,Continental Airlines Arena,,2000,December
"Sun, Dec 19, 1999",Los Angeles Lakers,94,Toronto Raptors,88,Box Score,,"19,800",,Air Canada Centre,,2000,December
"Sun, Dec 19, 1999",Los Angeles Clippers,84,Vancouver Grizzlies,85,Box Score,,"12,584",,General Motors Place,,2000,December
"Mon, Dec 20, 1999",Los Angeles Lakers,99,Boston Celtics,90,Box Score,,"18,624",2:21,FleetCenter,,2000,December
"Mon, Dec 20, 1999",Seattle SuperSonics,93,Chicago Bulls,84,Box Score,,"22,106",,United Center,,2000,December
"Mon, Dec 20, 1999",Minnesota Timberwolves,100,Cleveland Cavaliers,94,Box Score,,"13,911",,Gund Arena,,2000,December
"Mon, Dec 20, 1999",Miami Heat,92,Dallas Mavericks,89,Box Score,,"14,049",,Reunion Arena,,2000,December
"Mon, Dec 20, 1999",Portland Trail Blazers,88,Denver Nuggets,97,Box Score,,"15,708",,Pepsi Center,,2000,December
"Mon, Dec 20, 1999",Sacramento Kings,99,Golden State Warriors,111,Box Score,,"15,176",,The Arena in Oakland,,2000,December
"Mon, Dec 20, 1999",Charlotte Hornets,109,New York Knicks,112,Box Score,OT,"19,763",,Madison Square Garden (IV),,2000,December
"Mon, Dec 20, 1999",Utah Jazz,102,Orlando Magic,104,Box Score,,"13,985",,TD Waterhouse Centre,,2000,December
"Mon, Dec 20, 1999",Detroit Pistons,121,Philadelphia 76ers,122,Box Score,OT,"16,520",,First Union Center,,2000,December
"Mon, Dec 20, 1999",Milwaukee Bucks,101,Phoenix Suns,108,Box Score,,"18,656",,America West Arena,,2000,December
"Tue, Dec 21, 1999",Washington Wizards,97,Detroit Pistons,83,Box Score,,"14,181",,The Palace of Auburn Hills,,2000,December
"Tue, Dec 21, 1999",Portland Trail Blazers,89,Houston Rockets,79,Box Score,,"16,285",,Compaq Center,,2000,December
"Tue, Dec 21, 1999",Seattle SuperSonics,103,Indiana Pacers,113,Box Score,,"18,345",,Conseco Fieldhouse,,2000,December
"Tue, Dec 21, 1999",Milwaukee Bucks,95,Sacramento Kings,108,Box Score,,"17,317",,ARCO Arena (II),,2000,December
"Tue, Dec 21, 1999",Phoenix Suns,90,San Antonio Spurs,91,Box Score,OT,"23,480",,Alamodome,,2000,December
"Tue, Dec 21, 1999",New Jersey Nets,87,Toronto Raptors,116,Box Score,,"18,677",,Air Canada Centre,,2000,December
"Wed, Dec 22, 1999",Atlanta Hawks,81,Boston Celtics,98,Box Score,,"15,973",2:10,FleetCenter,,2000,December
"Wed, Dec 22, 1999",Minnesota Timberwolves,106,Chicago Bulls,86,Box Score,,"22,102",,United Center,,2000,December
"Wed, Dec 22, 1999",Orlando Magic,103,Cleveland Cavaliers,97,Box Score,,"11,731",,Gund Arena,,2000,December
"Wed, Dec 22, 1999",Los Angeles Clippers,103,Golden State Warriors,99,Box Score,,"10,438",,The Arena in Oakland,,2000,December
"Wed, Dec 22, 1999",Utah Jazz,72,Miami Heat,74,Box Score,,"15,200",,Miami Arena,,2000,December
"Wed, Dec 22, 1999",Toronto Raptors,90,New York Knicks,91,Box Score,,"19,763",,Madison Square Garden (IV),,2000,December
"Thu, Dec 23, 1999",Cleveland Cavaliers,90,Atlanta Hawks,108,Box Score,,"12,528",,Philips Arena,,2000,December
"Thu, Dec 23, 1999",Orlando Magic,110,Charlotte Hornets,106,Box Score,,"16,918",,Charlotte Coliseum,,2000,December
"Thu, Dec 23, 1999",Washington Wizards,89,Houston Rockets,105,Box Score,,"14,841",,Compaq Center,,2000,December
"Thu, Dec 23, 1999",Sacramento Kings,91,Los Angeles Clippers,97,Box Score,,"14,315",,STAPLES Center,,2000,December
"Thu, Dec 23, 1999",Seattle SuperSonics,102,Minnesota Timberwolves,109,Box Score,,"16,773",,Target Center,,2000,December
"Thu, Dec 23, 1999",Philadelphia 76ers,94,New Jersey Nets,99,Box Score,,"17,617",,Continental Airlines Arena,,2000,December
"Thu, Dec 23, 1999",Dallas Mavericks,111,Phoenix Suns,110,Box Score,,"19,023",,America West Arena,,2000,December
"Thu, Dec 23, 1999",Golden State Warriors,91,Portland Trail Blazers,111,Box Score,,"20,440",,Rose Garden Arena,,2000,December
"Thu, Dec 23, 1999",Milwaukee Bucks,94,San Antonio Spurs,91,Box Score,,"22,581",,Alamodome,,2000,December
"Thu, Dec 23, 1999",Denver Nuggets,91,Vancouver Grizzlies,93,Box Score,,"11,792",,General Motors Place,,2000,December
"Sat, Dec 25, 1999",New York Knicks,90,Indiana Pacers,101,Box Score,,"18,345",,Conseco Fieldhouse,,2000,December
"Sat, Dec 25, 1999",San Antonio Spurs,93,Los Angeles Lakers,99,Box Score,,"18,997",,STAPLES Center,,2000,December
"Sun, Dec 26, 1999",Toronto Raptors,98,Cleveland Cavaliers,95,Box Score,,"14,135",,Gund Arena,,2000,December
"Sun, Dec 26, 1999",Vancouver Grizzlies,86,Denver Nuggets,109,Box Score,,"17,074",,Pepsi Center,,2000,December
"Sun, Dec 26, 1999",Charlotte Hornets,96,Detroit Pistons,114,Box Score,,"15,339",,The Palace of Auburn Hills,,2000,December
"Sun, Dec 26, 1999",Boston Celtics,100,Los Angeles Clippers,103,Box Score,,"12,039",2:20,STAPLES Center,,2000,December
"Sun, Dec 26, 1999",Miami Heat,85,Milwaukee Bucks,93,Box Score,,"15,075",,Bradley Center,,2000,December
"Sun, Dec 26, 1999",Chicago Bulls,76,New Jersey Nets,103,Box Score,,"17,063",,Continental Airlines Arena,,2000,December
"Sun, Dec 26, 1999",Golden State Warriors,88,Phoenix Suns,108,Box Score,,"19,023",,America West Arena,,2000,December
"Sun, Dec 26, 1999",Dallas Mavericks,111,Sacramento Kings,118,Box Score,,"17,317",,ARCO Arena (II),,2000,December
"Sun, Dec 26, 1999",Philadelphia 76ers,92,Seattle SuperSonics,86,Box Score,,"15,562",,KeyArena at Seattle Center,,2000,December
"Sun, Dec 26, 1999",Houston Rockets,92,Washington Wizards,103,Box Score,,"14,191",,MCI Center,,2000,December
"Mon, Dec 27, 1999",Atlanta Hawks,104,Charlotte Hornets,108,Box Score,,"17,114",,Charlotte Coliseum,,2000,December
"Mon, Dec 27, 1999",Indiana Pacers,103,Chicago Bulls,91,Box Score,,"22,169",,United Center,,2000,December
"Mon, Dec 27, 1999",San Antonio Spurs,105,Golden State Warriors,83,Box Score,,"12,447",,The Arena in Oakland,,2000,December
"Mon, Dec 27, 1999",Dallas Mavericks,106,Los Angeles Lakers,108,Box Score,,"18,997",,STAPLES Center,,2000,December
"Mon, Dec 27, 1999",Minnesota Timberwolves,107,Orlando Magic,105,Box Score,,"14,703",,TD Waterhouse Centre,,2000,December
"Mon, Dec 27, 1999",Phoenix Suns,91,Utah Jazz,92,Box Score,,"19,911",,Delta Center,,2000,December
"Mon, Dec 27, 1999",Philadelphia 76ers,100,Vancouver Grizzlies,93,Box Score,,"13,269",,General Motors Place,,2000,December
"Tue, Dec 28, 1999",Los Angeles Clippers,105,Denver Nuggets,128,Box Score,,"14,035",,Pepsi Center,,2000,December
"Tue, Dec 28, 1999",Toronto Raptors,100,Houston Rockets,99,Box Score,,"16,285",,Compaq Center,,2000,December
"Tue, Dec 28, 1999",Minnesota Timberwolves,78,Miami Heat,89,Box Score,,"15,200",,Miami Arena,,2000,December
"Tue, Dec 28, 1999",New York Knicks,83,New Jersey Nets,89,Box Score,,"20,049",,Continental Airlines Arena,,2000,December
"Tue, Dec 28, 1999",Seattle SuperSonics,89,Portland Trail Blazers,94,Box Score,,"20,584",,Rose Garden Arena,,2000,December
"Tue, Dec 28, 1999",Boston Celtics,101,Sacramento Kings,114,Box Score,,"17,317",2:18,ARCO Arena (II),,2000,December
"Wed, Dec 29, 1999",Indiana Pacers,116,Atlanta Hawks,89,Box Score,,"16,117",,Philips Arena,,2000,December
"Wed, Dec 29, 1999",Milwaukee Bucks,105,Charlotte Hornets,109,Box Score,,"17,134",,Charlotte Coliseum,,2000,December
"Wed, Dec 29, 1999",Detroit Pistons,91,Chicago Bulls,77,Box Score,,"22,363",,United Center,,2000,December
"Wed, Dec 29, 1999",Washington Wizards,94,Cleveland Cavaliers,96,Box Score,,"15,714",,Gund Arena,,2000,December
"Wed, Dec 29, 1999",Philadelphia 76ers,97,Golden State Warriors,94,Box Score,,"15,346",,The Arena in Oakland,,2000,December
"Wed, Dec 29, 1999",Phoenix Suns,87,Los Angeles Lakers,103,Box Score,,"18,997",,STAPLES Center,,2000,December
"Wed, Dec 29, 1999",Miami Heat,109,Orlando Magic,106,Box Score,,"15,645",,TD Waterhouse Centre,,2000,December
"Wed, Dec 29, 1999",Sacramento Kings,113,Seattle SuperSonics,104,Box Score,,"17,072",,KeyArena at Seattle Center,,2000,December
"Wed, Dec 29, 1999",Vancouver Grizzlies,90,Utah Jazz,101,Box Score,,"19,911",,Delta Center,,2000,December
"Thu, Dec 30, 1999",Toronto Raptors,109,Dallas Mavericks,104,Box Score,,"16,490",,Reunion Arena,,2000,December
"Thu, Dec 30, 1999",Boston Celtics,102,Denver Nuggets,94,Box Score,,"18,353",2:25,Pepsi Center,,2000,December
"Thu, Dec 30, 1999",Atlanta Hawks,105,Detroit Pistons,106,Box Score,OT,"18,891",,The Palace of Auburn Hills,,2000,December
"Thu, Dec 30, 1999",Los Angeles Clippers,100,Houston Rockets,122,Box Score,,"15,057",,Compaq Center,,2000,December
"Thu, Dec 30, 1999",Charlotte Hornets,99,Indiana Pacers,109,Box Score,,"18,345",,Conseco Fieldhouse,,2000,December
"Thu, Dec 30, 1999",Cleveland Cavaliers,90,Milwaukee Bucks,91,Box Score,,"16,329",,Bradley Center,,2000,December
"Thu, Dec 30, 1999",Chicago Bulls,76,Minnesota Timberwolves,94,Box Score,,"19,623",,Target Center,,2000,December
"Thu, Dec 30, 1999",Orlando Magic,92,New Jersey Nets,102,Box Score,,"18,694",,Continental Airlines Arena,,2000,December
"Thu, Dec 30, 1999",Philadelphia 76ers,90,Portland Trail Blazers,108,Box Score,,"20,584",,Rose Garden Arena,,2000,December
"Thu, Dec 30, 1999",San Antonio Spurs,98,Vancouver Grizzlies,88,Box Score,,"14,403",,General Motors Place,,2000,December
"Thu, Dec 30, 1999",New York Knicks,89,Washington Wizards,86,Box Score,,"19,053",,MCI Center,,2000,December
"Tue, Feb 1, 2000",Washington Wizards,108,Cleveland Cavaliers,112,Box Score,,"11,298",,Gund Arena,,2000,February
"Tue, Feb 1, 2000",Philadelphia 76ers,101,Dallas Mavericks,100,Box Score,,"13,506",,Reunion Arena,,2000,February
"Tue, Feb 1, 2000",Charlotte Hornets,83,Houston Rockets,99,Box Score,,"14,391",,Compaq Center,,2000,February
"Tue, Feb 1, 2000",Boston Celtics,96,Indiana Pacers,99,Box Score,,"18,345",2:12,Conseco Fieldhouse,,2000,February
"Tue, Feb 1, 2000",Golden State Warriors,107,Los Angeles Clippers,76,Box Score,,"10,409",,STAPLES Center,,2000,February
"Tue, Feb 1, 2000",Orlando Magic,98,New York Knicks,77,Box Score,,"19,763",,Madison Square Garden (IV),,2000,February
"Tue, Feb 1, 2000",Chicago Bulls,81,Portland Trail Blazers,92,Box Score,,"20,220",,Rose Garden Arena,,2000,February
"Tue, Feb 1, 2000",Los Angeles Lakers,81,San Antonio Spurs,105,Box Score,,"25,589",,Alamodome,,2000,February
"Tue, Feb 1, 2000",Seattle SuperSonics,104,Utah Jazz,96,Box Score,,"19,327",,Delta Center,,2000,February
"Wed, Feb 2, 2000",Miami Heat,105,Boston Celtics,103,Box Score,,"15,411",2:27,FleetCenter,,2000,February
"Wed, Feb 2, 2000",Milwaukee Bucks,112,Denver Nuggets,135,Box Score,,"12,365",,Pepsi Center,,2000,February
"Wed, Feb 2, 2000",Sacramento Kings,113,Detroit Pistons,110,Box Score,,"20,259",,The Palace of Auburn Hills,,2000,February
"Wed, Feb 2, 2000",Vancouver Grizzlies,95,Golden State Warriors,101,Box Score,,"10,019",,The Arena in Oakland,,2000,February
"Wed, Feb 2, 2000",Atlanta Hawks,97,New Jersey Nets,89,Box Score,,"15,640",,Continental Airlines Arena,,2000,February
"Wed, Feb 2, 2000",Los Angeles Clippers,68,Phoenix Suns,114,Box Score,,"18,421",,America West Arena,,2000,February
"Wed, Feb 2, 2000",Chicago Bulls,88,Seattle SuperSonics,81,Box Score,,"12,636",,KeyArena at Seattle Center,,2000,February
"Wed, Feb 2, 2000",Minnesota Timberwolves,93,Washington Wizards,103,Box Score,,"14,005",,MCI Center,,2000,February
"Thu, Feb 3, 2000",Charlotte Hornets,96,Dallas Mavericks,106,Box Score,,"11,126",,Reunion Arena,,2000,February
"Thu, Feb 3, 2000",Philadelphia 76ers,106,Houston Rockets,109,Box Score,,"16,285",,Compaq Center,,2000,February
"Thu, Feb 3, 2000",Portland Trail Blazers,88,New York Knicks,98,Box Score,,"19,763",,Madison Square Garden (IV),,2000,February
"Thu, Feb 3, 2000",Toronto Raptors,95,San Antonio Spurs,112,Box Score,,"19,048",,Alamodome,,2000,February
"Thu, Feb 3, 2000",Milwaukee Bucks,102,Utah Jazz,99,Box Score,,"19,871",,Delta Center,,2000,February
"Fri, Feb 4, 2000",Portland Trail Blazers,97,Atlanta Hawks,90,Box Score,,"18,109",,Philips Arena,,2000,February
"Fri, Feb 4, 2000",New Jersey Nets,95,Boston Celtics,100,Box Score,,"16,540",2:11,FleetCenter,,2000,February
"Fri, Feb 4, 2000",Cleveland Cavaliers,96,Detroit Pistons,105,Box Score,,"16,903",,The Palace of Auburn Hills,,2000,February
"Fri, Feb 4, 2000",Denver Nuggets,101,Golden State Warriors,103,Box Score,,"13,321",,The Arena in Oakland,,2000,February
"Fri, Feb 4, 2000",Sacramento Kings,94,Indiana Pacers,104,Box Score,,"18,345",,Conseco Fieldhouse,,2000,February
"Fri, Feb 4, 2000",Utah Jazz,67,Los Angeles Lakers,113,Box Score,,"18,997",,STAPLES Center,,2000,February
"Fri, Feb 4, 2000",Washington Wizards,92,Miami Heat,99,Box Score,,"19,231",,AmericanAirlines Arena,,2000,February
"Fri, Feb 4, 2000",Houston Rockets,85,Minnesota Timberwolves,102,Box Score,,"18,223",,Target Center,,2000,February
"Fri, Feb 4, 2000",Phoenix Suns,86,Seattle SuperSonics,94,Box Score,,"15,739",,KeyArena at Seattle Center,,2000,February
"Fri, Feb 4, 2000",Chicago Bulls,76,Vancouver Grizzlies,101,Box Score,,"15,357",,General Motors Place,,2000,February
"Sat, Feb 5, 2000",Atlanta Hawks,102,Cleveland Cavaliers,94,Box Score,,"18,595",,Gund Arena,,2000,February
"Sat, Feb 5, 2000",Minnesota Timberwolves,105,Denver Nuggets,97,Box Score,OT,"19,099",,Pepsi Center,,2000,February
"Sat, Feb 5, 2000",Dallas Mavericks,119,Los Angeles Clippers,106,Box Score,,"13,646",,STAPLES Center,,2000,February
"Sat, Feb 5, 2000",Toronto Raptors,98,Milwaukee Bucks,95,Box Score,,"18,717",,Bradley Center,,2000,February
"Sat, Feb 5, 2000",Indiana Pacers,102,Orlando Magic,107,Box Score,,"15,421",,TD Waterhouse Centre,,2000,February
"Sat, Feb 5, 2000",Charlotte Hornets,110,Washington Wizards,102,Box Score,,"18,422",,MCI Center,,2000,February
"Sun, Feb 6, 2000",Portland Trail Blazers,100,Boston Celtics,94,Box Score,,"18,624",2:25,FleetCenter,,2000,February
"Sun, Feb 6, 2000",Houston Rockets,105,Detroit Pistons,109,Box Score,,"15,388",,The Palace of Auburn Hills,,2000,February
"Sun, Feb 6, 2000",Chicago Bulls,100,Los Angeles Clippers,90,Box Score,,"12,973",,STAPLES Center,,2000,February
"Sun, Feb 6, 2000",Golden State Warriors,90,New Jersey Nets,110,Box Score,,"14,336",,Continental Airlines Arena,,2000,February
"Sun, Feb 6, 2000",Miami Heat,80,New York Knicks,94,Box Score,,"19,763",,Madison Square Garden (IV),,2000,February
"Sun, Feb 6, 2000",Sacramento Kings,108,Philadelphia 76ers,119,Box Score,,"20,718",,First Union Center,,2000,February
"Sun, Feb 6, 2000",Seattle SuperSonics,93,Phoenix Suns,105,Box Score,,"19,023",,America West Arena,,2000,February
"Sun, Feb 6, 2000",San Antonio Spurs,90,Utah Jazz,93,Box Score,,"18,981",,Delta Center,,2000,February
"Sun, Feb 6, 2000",Dallas Mavericks,103,Vancouver Grizzlies,99,Box Score,OT,"14,861",,General Motors Place,,2000,February
"Mon, Feb 7, 2000",New York Knicks,85,Charlotte Hornets,95,Box Score,,"18,128",,Charlotte Coliseum,,2000,February
"Mon, Feb 7, 2000",Philadelphia 76ers,84,Indiana Pacers,109,Box Score,,"18,345",,Conseco Fieldhouse,,2000,February
"Mon, Feb 7, 2000",Denver Nuggets,98,Los Angeles Lakers,106,Box Score,,"18,997",,STAPLES Center,,2000,February
"Mon, Feb 7, 2000",Portland Trail Blazers,115,Milwaukee Bucks,111,Box Score,,"15,389",,Bradley Center,,2000,February
"Mon, Feb 7, 2000",Golden State Warriors,100,Orlando Magic,120,Box Score,,"12,480",,TD Waterhouse Centre,,2000,February
"Tue, Feb 8, 2000",Cleveland Cavaliers,83,Houston Rockets,91,Box Score,,"14,239",,Compaq Center,,2000,February
"Tue, Feb 8, 2000",Boston Celtics,113,New Jersey Nets,131,Box Score,,"15,836",2:07,Continental Airlines Arena,,2000,February
"Tue, Feb 8, 2000",Vancouver Grizzlies,76,Phoenix Suns,94,Box Score,,"18,385",,America West Arena,,2000,February
"Tue, Feb 8, 2000",Chicago Bulls,80,Sacramento Kings,119,Box Score,,"17,317",,ARCO Arena (II),,2000,February
"Tue, Feb 8, 2000",Seattle SuperSonics,77,San Antonio Spurs,79,Box Score,,"16,373",,Alamodome,,2000,February
"Tue, Feb 8, 2000",Atlanta Hawks,88,Toronto Raptors,109,Box Score,,"16,636",,Air Canada Centre,,2000,February
"Wed, Feb 9, 2000",Houston Rockets,100,Atlanta Hawks,116,Box Score,,"14,132",,Philips Arena,,2000,February
"Wed, Feb 9, 2000",Indiana Pacers,113,Boston Celtics,104,Box Score,,"18,328",2:06,FleetCenter,,2000,February
"Wed, Feb 9, 2000",Cleveland Cavaliers,95,Charlotte Hornets,103,Box Score,,"16,512",,Charlotte Coliseum,,2000,February
"Wed, Feb 9, 2000",Seattle SuperSonics,117,Dallas Mavericks,106,Box Score,,"18,203",,Reunion Arena,,2000,February
"Wed, Feb 9, 2000",San Antonio Spurs,106,Denver Nuggets,97,Box Score,,"16,607",,Pepsi Center,,2000,February
"Wed, Feb 9, 2000",Toronto Raptors,108,Detroit Pistons,115,Box Score,OT,"17,710",,The Palace of Auburn Hills,,2000,February
"Wed, Feb 9, 2000",Minnesota Timberwolves,81,Los Angeles Lakers,114,Box Score,,"18,843",,STAPLES Center,,2000,February
"Wed, Feb 9, 2000",Golden State Warriors,100,Miami Heat,115,Box Score,,"16,133",,AmericanAirlines Arena,,2000,February
"Wed, Feb 9, 2000",New York Knicks,109,Milwaukee Bucks,103,Box Score,,"15,347",,Bradley Center,,2000,February
"Wed, Feb 9, 2000",Washington Wizards,96,Orlando Magic,107,Box Score,,"13,555",,TD Waterhouse Centre,,2000,February
"Wed, Feb 9, 2000",New Jersey Nets,90,Philadelphia 76ers,92,Box Score,,"18,636",,First Union Center,,2000,February
"Wed, Feb 9, 2000",Los Angeles Clippers,100,Portland Trail Blazers,107,Box Score,,"20,310",,Rose Garden Arena,,2000,February
"Wed, Feb 9, 2000",Chicago Bulls,86,Utah Jazz,113,Box Score,,"19,605",,Delta Center,,2000,February
"Thu, Feb 10, 2000",Vancouver Grizzlies,112,Los Angeles Clippers,90,Box Score,,"9,895",,STAPLES Center,,2000,February
"Thu, Feb 10, 2000",Minnesota Timberwolves,85,Phoenix Suns,101,Box Score,,"19,023",,America West Arena,,2000,February
"Thu, Feb 10, 2000",Denver Nuggets,84,Sacramento Kings,96,Box Score,,"17,317",,ARCO Arena (II),,2000,February
"Tue, Feb 15, 2000",New Jersey Nets,86,Atlanta Hawks,103,Box Score,,"12,619",,Philips Arena,,2000,February
"Tue, Feb 15, 2000",Los Angeles Lakers,88,Chicago Bulls,76,Box Score,,"23,208",,United Center,,2000,February
"Tue, Feb 15, 2000",San Antonio Spurs,81,Cleveland Cavaliers,92,Box Score,,"15,142",,Gund Arena,,2000,February
"Tue, Feb 15, 2000",Milwaukee Bucks,112,Dallas Mavericks,99,Box Score,,"11,912",,Reunion Arena,,2000,February
"Tue, Feb 15, 2000",Portland Trail Blazers,92,Golden State Warriors,83,Box Score,,"11,863",,The Arena in Oakland,,2000,February
"Tue, Feb 15, 2000",Detroit Pistons,102,Houston Rockets,107,Box Score,,"14,453",,Compaq Center,,2000,February
"Tue, Feb 15, 2000",Los Angeles Clippers,88,Miami Heat,107,Box Score,,"15,703",,AmericanAirlines Arena,,2000,February
"Tue, Feb 15, 2000",Denver Nuggets,107,Minnesota Timberwolves,104,Box Score,OT,"14,117",,Target Center,,2000,February
"Tue, Feb 15, 2000",Charlotte Hornets,95,Philadelphia 76ers,93,Box Score,,"18,488",,First Union Center,,2000,February
"Tue, Feb 15, 2000",Phoenix Suns,117,Sacramento Kings,108,Box Score,,"17,317",,ARCO Arena (II),,2000,February
"Tue, Feb 15, 2000",Washington Wizards,85,Seattle SuperSonics,114,Box Score,,"12,858",,KeyArena at Seattle Center,,2000,February
"Tue, Feb 15, 2000",New York Knicks,70,Toronto Raptors,91,Box Score,,"19,800",,Air Canada Centre,,2000,February
"Tue, Feb 15, 2000",Boston Celtics,101,Utah Jazz,99,Box Score,,"18,555",2:27,Delta Center,,2000,February
"Wed, Feb 16, 2000",Los Angeles Lakers,92,Charlotte Hornets,85,Box Score,,"23,799",,Charlotte Coliseum,,2000,February
"Wed, Feb 16, 2000",Toronto Raptors,101,Indiana Pacers,109,Box Score,,"18,345",,Conseco Fieldhouse,,2000,February
"Wed, Feb 16, 2000",Minnesota Timberwolves,89,New York Knicks,93,Box Score,,"19,763",,Madison Square Garden (IV),,2000,February
"Wed, Feb 16, 2000",Los Angeles Clippers,96,Orlando Magic,129,Box Score,,"13,332",,TD Waterhouse Centre,,2000,February
"Wed, Feb 16, 2000",Golden State Warriors,95,Portland Trail Blazers,99,Box Score,,"20,178",,Rose Garden Arena,,2000,February
"Wed, Feb 16, 2000",Washington Wizards,87,Vancouver Grizzlies,92,Box Score,,"12,894",,General Motors Place,,2000,February
"Thu, Feb 17, 2000",Miami Heat,76,Chicago Bulls,83,Box Score,,"22,207",,United Center,,2000,February
"Thu, Feb 17, 2000",Denver Nuggets,101,Cleveland Cavaliers,119,Box Score,,"12,037",,Gund Arena,,2000,February
"Thu, Feb 17, 2000",Detroit Pistons,97,Dallas Mavericks,106,Box Score,,"16,241",,Reunion Arena,,2000,February
"Thu, Feb 17, 2000",Indiana Pacers,92,Milwaukee Bucks,90,Box Score,,"14,376",,Bradley Center,,2000,February
"Thu, Feb 17, 2000",Sacramento Kings,108,Utah Jazz,119,Box Score,,"19,911",,Delta Center,,2000,February
"Fri, Feb 18, 2000",Los Angeles Clippers,87,Charlotte Hornets,115,Box Score,,"18,796",,Charlotte Coliseum,,2000,February
"Fri, Feb 18, 2000",Boston Celtics,100,Golden State Warriors,122,Box Score,,"14,758",2:33,The Arena in Oakland,,2000,February
"Fri, Feb 18, 2000",Vancouver Grizzlies,91,Minnesota Timberwolves,103,Box Score,,"17,101",,Target Center,,2000,February
"Fri, Feb 18, 2000",Miami Heat,84,New Jersey Nets,91,Box Score,,"16,494",,Continental Airlines Arena,,2000,February
"Fri, Feb 18, 2000",Los Angeles Lakers,107,Orlando Magic,99,Box Score,OT,"17,248",,TD Waterhouse Centre,,2000,February
"Fri, Feb 18, 2000",Cleveland Cavaliers,75,Philadelphia 76ers,104,Box Score,,"20,383",,First Union Center,,2000,February
"Fri, Feb 18, 2000",Atlanta Hawks,73,Phoenix Suns,85,Box Score,,"19,023",,America West Arena,,2000,February
"Fri, Feb 18, 2000",Washington Wizards,85,Portland Trail Blazers,93,Box Score,,"20,467",,Rose Garden Arena,,2000,February
"Fri, Feb 18, 2000",Seattle SuperSonics,85,Sacramento Kings,118,Box Score,,"17,317",,ARCO Arena (II),,2000,February
"Fri, Feb 18, 2000",Houston Rockets,92,San Antonio Spurs,116,Box Score,,"26,846",,Alamodome,,2000,February
"Fri, Feb 18, 2000",Denver Nuggets,95,Toronto Raptors,91,Box Score,,"17,570",,Air Canada Centre,,2000,February
"Sat, Feb 19, 2000",Los Angeles Clippers,72,Chicago Bulls,74,Box Score,,"22,241",,United Center,,2000,February
"Sat, Feb 19, 2000",Vancouver Grizzlies,111,Milwaukee Bucks,100,Box Score,,"17,109",,Bradley Center,,2000,February
"Sat, Feb 19, 2000",Indiana Pacers,73,New York Knicks,87,Box Score,,"19,763",,Madison Square Garden (IV),,2000,February
"Sat, Feb 19, 2000",Boston Celtics,91,Seattle SuperSonics,94,Box Score,,"16,567",2:05,KeyArena at Seattle Center,,2000,February
"Sat, Feb 19, 2000",Detroit Pistons,87,Utah Jazz,91,Box Score,,"19,911",,Delta Center,,2000,February
"Sun, Feb 20, 2000",Miami Heat,85,Charlotte Hornets,80,Box Score,,"21,539",,Charlotte Coliseum,,2000,February
"Sun, Feb 20, 2000",Washington Wizards,103,Golden State Warriors,112,Box Score,,"13,867",,The Arena in Oakland,,2000,February
"Sun, Feb 20, 2000",San Antonio Spurs,113,Houston Rockets,111,Box Score,OT,"16,285",,Compaq Center,,2000,February
"Sun, Feb 20, 2000",New Jersey Nets,91,Minnesota Timberwolves,89,Box Score,,"19,449",,Target Center,,2000,February
"Sun, Feb 20, 2000",Los Angeles Lakers,87,Philadelphia 76ers,84,Box Score,,"21,060",,First Union Center,,2000,February
"Sun, Feb 20, 2000",Portland Trail Blazers,108,Sacramento Kings,103,Box Score,OT,"17,317",,ARCO Arena (II),,2000,February
"Sun, Feb 20, 2000",Dallas Mavericks,100,Toronto Raptors,96,Box Score,,"19,800",,Air Canada Centre,,2000,February
"Mon, Feb 21, 2000",Vancouver Grizzlies,108,Cleveland Cavaliers,109,Box Score,OT,"12,140",,Gund Arena,,2000,February
"Mon, Feb 21, 2000",Sacramento Kings,117,Denver Nuggets,123,Box Score,OT,"18,527",,Pepsi Center,,2000,February
"Mon, Feb 21, 2000",Miami Heat,87,Detroit Pistons,95,Box Score,,"15,413",,The Palace of Auburn Hills,,2000,February
"Mon, Feb 21, 2000",Dallas Mavericks,93,Indiana Pacers,94,Box Score,,"18,345",,Conseco Fieldhouse,,2000,February
"Mon, Feb 21, 2000",Los Angeles Clippers,76,New York Knicks,87,Box Score,,"19,763",,Madison Square Garden (IV),,2000,February
"Mon, Feb 21, 2000",Boston Celtics,92,Portland Trail Blazers,105,Box Score,,"20,453",2:22,Rose Garden Arena,,2000,February
"Mon, Feb 21, 2000",Phoenix Suns,98,San Antonio Spurs,89,Box Score,,"17,049",,Alamodome,,2000,February
"Mon, Feb 21, 2000",Atlanta Hawks,94,Utah Jazz,96,Box Score,,"19,547",,Delta Center,,2000,February
"Tue, Feb 22, 2000",Houston Rockets,97,Charlotte Hornets,102,Box Score,,"15,921",,Charlotte Coliseum,,2000,February
"Tue, Feb 22, 2000",Vancouver Grizzlies,85,Chicago Bulls,81,Box Score,,"21,874",,United Center,,2000,February
"Tue, Feb 22, 2000",Golden State Warriors,89,Minnesota Timberwolves,112,Box Score,,"13,992",,Target Center,,2000,February
"Tue, Feb 22, 2000",Los Angeles Lakers,97,New Jersey Nets,89,Box Score,,"20,049",,Continental Airlines Arena,,2000,February
"Tue, Feb 22, 2000",Denver Nuggets,67,Phoenix Suns,86,Box Score,,"19,023",,America West Arena,,2000,February
"Tue, Feb 22, 2000",Orlando Magic,91,Seattle SuperSonics,127,Box Score,,"12,921",,KeyArena at Seattle Center,,2000,February
"Tue, Feb 22, 2000",Milwaukee Bucks,101,Washington Wizards,126,Box Score,,"11,413",,MCI Center,,2000,February
"Wed, Feb 23, 2000",Los Angeles Lakers,116,Cleveland Cavaliers,98,Box Score,,"20,562",,Gund Arena,,2000,February
"Wed, Feb 23, 2000",Indiana Pacers,118,Detroit Pistons,111,Box Score,,"16,371",,The Palace of Auburn Hills,,2000,February
"Wed, Feb 23, 2000",New Jersey Nets,85,Miami Heat,99,Box Score,,"16,235",,AmericanAirlines Arena,,2000,February
"Wed, Feb 23, 2000",Golden State Warriors,91,Milwaukee Bucks,86,Box Score,,"12,864",,Bradley Center,,2000,February
"Wed, Feb 23, 2000",Toronto Raptors,99,New York Knicks,88,Box Score,,"19,763",,Madison Square Garden (IV),,2000,February
"Wed, Feb 23, 2000",Los Angeles Clippers,78,Philadelphia 76ers,94,Box Score,,"17,894",,First Union Center,,2000,February
"Wed, Feb 23, 2000",Atlanta Hawks,100,Sacramento Kings,94,Box Score,,"17,317",,ARCO Arena (II),,2000,February
"Thu, Feb 24, 2000",San Antonio Spurs,72,Charlotte Hornets,70,Box Score,,"18,535",,Charlotte Coliseum,,2000,February
"Thu, Feb 24, 2000",Utah Jazz,92,Dallas Mavericks,85,Box Score,,"18,187",,Reunion Arena,,2000,February
"Thu, Feb 24, 2000",Denver Nuggets,106,Houston Rockets,97,Box Score,,"14,560",,Compaq Center,,2000,February
"Thu, Feb 24, 2000",Chicago Bulls,83,Indiana Pacers,100,Box Score,,"18,345",,Conseco Fieldhouse,,2000,February
"Thu, Feb 24, 2000",Los Angeles Clippers,91,Minnesota Timberwolves,116,Box Score,,"13,089",,Target Center,,2000,February
"Thu, Feb 24, 2000",Orlando Magic,92,Portland Trail Blazers,111,Box Score,,"20,111",,Rose Garden Arena,,2000,February
"Thu, Feb 24, 2000",Boston Celtics,101,Vancouver Grizzlies,77,Box Score,,"13,001",1:58,General Motors Place,,2000,February
"Thu, Feb 24, 2000",Phoenix Suns,92,Washington Wizards,83,Box Score,,"15,191",,MCI Center,,2000,February
"Fri, Feb 25, 2000",San Antonio Spurs,91,Chicago Bulls,78,Box Score,,"22,879",,United Center,,2000,February
"Fri, Feb 25, 2000",Golden State Warriors,99,Detroit Pistons,131,Box Score,,"17,599",,The Palace of Auburn Hills,,2000,February
"Fri, Feb 25, 2000",Boston Celtics,96,Los Angeles Lakers,109,Box Score,,"18,997",2:15,STAPLES Center,,2000,February
"Fri, Feb 25, 2000",Cleveland Cavaliers,82,Miami Heat,87,Box Score,,"18,504",,AmericanAirlines Arena,,2000,February
"Fri, Feb 25, 2000",Philadelphia 76ers,97,Milwaukee Bucks,83,Box Score,,"15,672",,Bradley Center,,2000,February
"Fri, Feb 25, 2000",Phoenix Suns,79,New York Knicks,84,Box Score,,"19,763",,Madison Square Garden (IV),,2000,February
"Fri, Feb 25, 2000",Atlanta Hawks,95,Seattle SuperSonics,87,Box Score,,"15,007",,KeyArena at Seattle Center,,2000,February
"Fri, Feb 25, 2000",Minnesota Timberwolves,107,Toronto Raptors,85,Box Score,,"19,800",,Air Canada Centre,,2000,February
"Fri, Feb 25, 2000",Orlando Magic,88,Utah Jazz,96,Box Score,,"19,911",,Delta Center,,2000,February
"Sat, Feb 26, 2000",Denver Nuggets,96,Dallas Mavericks,98,Box Score,,"18,187",,Reunion Arena,,2000,February
"Sat, Feb 26, 2000",Golden State Warriors,88,Indiana Pacers,104,Box Score,,"18,345",,Conseco Fieldhouse,,2000,February
"Sat, Feb 26, 2000",Atlanta Hawks,77,Los Angeles Clippers,78,Box Score,,"14,375",,STAPLES Center,,2000,February
"Sat, Feb 26, 2000",Charlotte Hornets,93,New Jersey Nets,104,Box Score,,"18,481",,Continental Airlines Arena,,2000,February
"Sat, Feb 26, 2000",Sacramento Kings,90,Vancouver Grizzlies,102,Box Score,,"17,856",,General Motors Place,,2000,February
"Sat, Feb 26, 2000",Miami Heat,98,Washington Wizards,88,Box Score,,"20,674",,MCI Center,,2000,February
"Sun, Feb 27, 2000",Chicago Bulls,90,Detroit Pistons,93,Box Score,,"13,751",,The Palace of Auburn Hills,,2000,February
"Sun, Feb 27, 2000",Houston Rockets,85,Los Angeles Lakers,101,Box Score,,"18,997",,STAPLES Center,,2000,February
"Sun, Feb 27, 2000",Orlando Magic,95,Milwaukee Bucks,102,Box Score,,"15,726",,Bradley Center,,2000,February
"Sun, Feb 27, 2000",San Antonio Spurs,98,Minnesota Timberwolves,102,Box Score,,"19,654",,Target Center,,2000,February
"Sun, Feb 27, 2000",Philadelphia 76ers,88,New York Knicks,89,Box Score,,"19,763",,Madison Square Garden (IV),,2000,February
"Sun, Feb 27, 2000",Utah Jazz,92,Portland Trail Blazers,101,Box Score,,"20,584",,Rose Garden Arena,,2000,February
"Sun, Feb 27, 2000",Phoenix Suns,102,Toronto Raptors,103,Box Score,,"19,800",,Air Canada Centre,,2000,February
"Mon, Feb 28, 2000",Dallas Mavericks,108,Boston Celtics,100,Box Score,,"16,981",2:19,FleetCenter,,2000,February
"Mon, Feb 28, 2000",Seattle SuperSonics,84,Charlotte Hornets,81,Box Score,,"15,902",,Charlotte Coliseum,,2000,February
"Mon, Feb 28, 2000",Atlanta Hawks,75,Golden State Warriors,80,Box Score,,"10,263",,The Arena in Oakland,,2000,February
"Mon, Feb 28, 2000",Houston Rockets,96,Los Angeles Clippers,77,Box Score,,"12,940",,STAPLES Center,,2000,February
"Mon, Feb 28, 2000",New York Knicks,76,Miami Heat,85,Box Score,,"19,708",,AmericanAirlines Arena,,2000,February
"Mon, Feb 28, 2000",New Jersey Nets,101,Utah Jazz,106,Box Score,,"19,865",,Delta Center,,2000,February
"Tue, Feb 29, 2000",Phoenix Suns,100,Cleveland Cavaliers,93,Box Score,,"13,044",,Gund Arena,,2000,February
"Tue, Feb 29, 2000",Detroit Pistons,105,Indiana Pacers,115,Box Score,,"18,345",,Conseco Fieldhouse,,2000,February
"Tue, Feb 29, 2000",Charlotte Hornets,92,Minnesota Timberwolves,87,Box Score,,"15,922",,Target Center,,2000,February
"Tue, Feb 29, 2000",Seattle SuperSonics,94,Orlando Magic,103,Box Score,,"13,043",,TD Waterhouse Centre,,2000,February
"Tue, Feb 29, 2000",Dallas Mavericks,87,Philadelphia 76ers,106,Box Score,,"17,586",,First Union Center,,2000,February
"Tue, Feb 29, 2000",Los Angeles Lakers,90,Portland Trail Blazers,87,Box Score,,"20,584",,Rose Garden Arena,,2000,February
"Tue, Feb 29, 2000",Vancouver Grizzlies,87,Sacramento Kings,112,Box Score,,"17,317",,ARCO Arena (II),,2000,February
"Tue, Feb 29, 2000",Miami Heat,69,San Antonio Spurs,93,Box Score,,"18,629",,Alamodome,,2000,February
"Tue, Feb 29, 2000",Chicago Bulls,80,Toronto Raptors,87,Box Score,,"18,232",,Air Canada Centre,,2000,February
"Wed, Mar 1, 2000",Washington Wizards,102,Atlanta Hawks,83,Box Score,,"13,144",,Philips Arena,,2000,March
"Wed, Mar 1, 2000",Toronto Raptors,96,Boston Celtics,94,Box Score,,"17,198",2:24,FleetCenter,,2000,March
"Wed, Mar 1, 2000",New Jersey Nets,94,Denver Nuggets,81,Box Score,,"14,456",,Pepsi Center,,2000,March
"Wed, Mar 1, 2000",Utah Jazz,107,Detroit Pistons,94,Box Score,,"15,712",,The Palace of Auburn Hills,,2000,March
"Wed, Mar 1, 2000",Vancouver Grizzlies,91,Los Angeles Lakers,103,Box Score,,"18,912",,STAPLES Center,,2000,March
"Thu, Mar 2, 2000",Cleveland Cavaliers,114,Chicago Bulls,110,Box Score,OT,"21,848",,United Center,,2000,March
"Thu, Mar 2, 2000",New Jersey Nets,103,Dallas Mavericks,102,Box Score,,"13,757",,Reunion Arena,,2000,March
"Thu, Mar 2, 2000",Sacramento Kings,99,Houston Rockets,102,Box Score,,"15,754",,Compaq Center,,2000,March
"Thu, Mar 2, 2000",Seattle SuperSonics,83,Miami Heat,101,Box Score,,"18,859",,AmericanAirlines Arena,,2000,March
"Thu, Mar 2, 2000",Milwaukee Bucks,94,New York Knicks,109,Box Score,,"19,763",,Madison Square Garden (IV),,2000,March
"Thu, Mar 2, 2000",Charlotte Hornets,96,Orlando Magic,104,Box Score,,"12,382",,TD Waterhouse Centre,,2000,March
"Thu, Mar 2, 2000",Indiana Pacers,87,Phoenix Suns,118,Box Score,,"19,023",,America West Arena,,2000,March
"Thu, Mar 2, 2000",Minnesota Timberwolves,108,San Antonio Spurs,102,Box Score,,"16,320",,Alamodome,,2000,March
"Thu, Mar 2, 2000",Philadelphia 76ers,87,Washington Wizards,84,Box Score,,"17,203",,MCI Center,,2000,March
"Fri, Mar 3, 2000",New York Knicks,70,Atlanta Hawks,83,Box Score,,"15,576",,Philips Arena,,2000,March
"Fri, Mar 3, 2000",Utah Jazz,89,Charlotte Hornets,87,Box Score,,"21,148",,Charlotte Coliseum,,2000,March
"Fri, Mar 3, 2000",Golden State Warriors,88,Denver Nuggets,122,Box Score,,"18,152",,Pepsi Center,,2000,March
"Fri, Mar 3, 2000",Indiana Pacers,92,Los Angeles Lakers,107,Box Score,,"18,997",,STAPLES Center,,2000,March
"Fri, Mar 3, 2000",Vancouver Grizzlies,91,Portland Trail Blazers,101,Box Score,,"20,367",,Rose Garden Arena,,2000,March
"Fri, Mar 3, 2000",Boston Celtics,104,Toronto Raptors,114,Box Score,,"19,437",2:23,Air Canada Centre,,2000,March
"Sat, Mar 4, 2000",Seattle SuperSonics,93,Atlanta Hawks,81,Box Score,,"13,719",,Philips Arena,,2000,March
"Sat, Mar 4, 2000",Philadelphia 76ers,95,Chicago Bulls,84,Box Score,,"22,773",,United Center,,2000,March
"Sat, Mar 4, 2000",New Jersey Nets,92,Houston Rockets,99,Box Score,OT,"14,519",,Compaq Center,,2000,March
"Sat, Mar 4, 2000",Cleveland Cavaliers,109,Los Angeles Clippers,99,Box Score,,"12,522",,STAPLES Center,,2000,March
"Sat, Mar 4, 2000",Minnesota Timberwolves,91,Milwaukee Bucks,84,Box Score,,"17,632",,Bradley Center,,2000,March
"Sat, Mar 4, 2000",Dallas Mavericks,96,Phoenix Suns,110,Box Score,,"19,023",,America West Arena,,2000,March
"Sat, Mar 4, 2000",Sacramento Kings,108,San Antonio Spurs,103,Box Score,OT,"35,113",,Alamodome,,2000,March
"Sat, Mar 4, 2000",Detroit Pistons,94,Washington Wizards,100,Box Score,,"17,418",,MCI Center,,2000,March
"Sun, Mar 5, 2000",Orlando Magic,91,Boston Celtics,97,Box Score,,"18,624",2:25,FleetCenter,,2000,March
"Sun, Mar 5, 2000",Chicago Bulls,94,Charlotte Hornets,100,Box Score,,"15,799",,Charlotte Coliseum,,2000,March
"Sun, Mar 5, 2000",Cleveland Cavaliers,100,Denver Nuggets,92,Box Score,,"17,447",,Pepsi Center,,2000,March
"Sun, Mar 5, 2000",Indiana Pacers,114,Golden State Warriors,95,Box Score,,"15,283",,The Arena in Oakland,,2000,March
"Sun, Mar 5, 2000",Miami Heat,80,Los Angeles Lakers,93,Box Score,,"18,997",,STAPLES Center,,2000,March
"Sun, Mar 5, 2000",Seattle SuperSonics,100,Minnesota Timberwolves,105,Box Score,OT,"15,006",,Target Center,,2000,March
"Sun, Mar 5, 2000",Utah Jazz,88,New York Knicks,79,Box Score,,"19,763",,Madison Square Garden (IV),,2000,March
"Sun, Mar 5, 2000",Toronto Raptors,94,Vancouver Grizzlies,92,Box Score,,"19,193",,General Motors Place,,2000,March
"Mon, Mar 6, 2000",Los Angeles Lakers,123,Los Angeles Clippers,103,Box Score,,"20,385",,STAPLES Center,,2000,March
"Mon, Mar 6, 2000",Atlanta Hawks,78,Milwaukee Bucks,111,Box Score,,"12,365",,Bradley Center,,2000,March
"Mon, Mar 6, 2000",Miami Heat,92,Phoenix Suns,100,Box Score,,"19,023",,America West Arena,,2000,March
"Mon, Mar 6, 2000",Toronto Raptors,109,Portland Trail Blazers,90,Box Score,,"20,516",,Rose Garden Arena,,2000,March
"Mon, Mar 6, 2000",Dallas Mavericks,109,Sacramento Kings,130,Box Score,,"17,317",,ARCO Arena (II),,2000,March
"Mon, Mar 6, 2000",New Jersey Nets,104,San Antonio Spurs,106,Box Score,,"17,581",,Alamodome,,2000,March
"Mon, Mar 6, 2000",Orlando Magic,87,Washington Wizards,85,Box Score,,"11,325",,MCI Center,,2000,March
"Tue, Mar 7, 2000",Atlanta Hawks,82,Chicago Bulls,89,Box Score,,"21,904",,United Center,,2000,March
"Tue, Mar 7, 2000",Charlotte Hornets,102,Golden State Warriors,99,Box Score,,"10,201",,The Arena in Oakland,,2000,March
"Tue, Mar 7, 2000",Phoenix Suns,108,Houston Rockets,101,Box Score,,"14,749",,Compaq Center,,2000,March
"Tue, Mar 7, 2000",Denver Nuggets,89,Indiana Pacers,90,Box Score,,"18,345",,Conseco Fieldhouse,,2000,March
"Tue, Mar 7, 2000",Washington Wizards,90,Minnesota Timberwolves,86,Box Score,,"14,227",,Target Center,,2000,March
"Tue, Mar 7, 2000",Vancouver Grizzlies,86,New York Knicks,111,Box Score,,"19,763",,Madison Square Garden (IV),,2000,March
"Tue, Mar 7, 2000",Dallas Mavericks,86,Seattle SuperSonics,101,Box Score,,"13,621",,KeyArena at Seattle Center,,2000,March
"Tue, Mar 7, 2000",Cleveland Cavaliers,95,Utah Jazz,113,Box Score,,"19,224",,Delta Center,,2000,March
"Wed, Mar 8, 2000",Milwaukee Bucks,101,Boston Celtics,112,Box Score,,"15,860",2:10,FleetCenter,,2000,March
"Wed, Mar 8, 2000",Denver Nuggets,116,Detroit Pistons,130,Box Score,,"12,683",,The Palace of Auburn Hills,,2000,March
"Wed, Mar 8, 2000",Toronto Raptors,95,Los Angeles Clippers,94,Box Score,,"18,176",,STAPLES Center,,2000,March
"Wed, Mar 8, 2000",Portland Trail Blazers,103,New Jersey Nets,115,Box Score,,"16,234",,Continental Airlines Arena,,2000,March
"Wed, Mar 8, 2000",Chicago Bulls,67,Orlando Magic,103,Box Score,,"13,123",,TD Waterhouse Centre,,2000,March
"Wed, Mar 8, 2000",Vancouver Grizzlies,90,Philadelphia 76ers,107,Box Score,,"20,086",,First Union Center,,2000,March
"Wed, Mar 8, 2000",Charlotte Hornets,92,Sacramento Kings,105,Box Score,,"17,317",,ARCO Arena (II),,2000,March
"Wed, Mar 8, 2000",New York Knicks,113,Washington Wizards,118,Box Score,OT,"15,354",,MCI Center,,2000,March
"Thu, Mar 9, 2000",San Antonio Spurs,105,Atlanta Hawks,79,Box Score,,"12,674",,Philips Arena,,2000,March
"Thu, Mar 9, 2000",Minnesota Timberwolves,100,Dallas Mavericks,79,Box Score,,"13,435",,Reunion Arena,,2000,March
"Thu, Mar 9, 2000",Los Angeles Lakers,109,Golden State Warriors,92,Box Score,,"20,136",,The Arena in Oakland,,2000,March
"Thu, Mar 9, 2000",Portland Trail Blazers,119,Indiana Pacers,127,Box Score,OT,"18,345",,Conseco Fieldhouse,,2000,March
"Thu, Mar 9, 2000",Houston Rockets,82,Utah Jazz,101,Box Score,,"19,897",,Delta Center,,2000,March
"Fri, Mar 10, 2000",Chicago Bulls,74,Boston Celtics,104,Box Score,,"17,123",2:09,FleetCenter,,2000,March
"Fri, Mar 10, 2000",Indiana Pacers,95,Cleveland Cavaliers,92,Box Score,,"20,562",,Gund Arena,,2000,March
"Fri, Mar 10, 2000",Vancouver Grizzlies,97,Detroit Pistons,111,Box Score,,"22,076",,The Palace of Auburn Hills,,2000,March
"Fri, Mar 10, 2000",Charlotte Hornets,118,Los Angeles Clippers,101,Box Score,,"15,362",,STAPLES Center,,2000,March
"Fri, Mar 10, 2000",Denver Nuggets,88,Miami Heat,96,Box Score,,"19,016",,AmericanAirlines Arena,,2000,March
"Fri, Mar 10, 2000",New Jersey Nets,108,Milwaukee Bucks,80,Box Score,,"13,962",,Bradley Center,,2000,March
"Fri, Mar 10, 2000",New York Knicks,82,Philadelphia 76ers,77,Box Score,,"20,885",,First Union Center,,2000,March
"Fri, Mar 10, 2000",Utah Jazz,99,Phoenix Suns,96,Box Score,,"19,023",,America West Arena,,2000,March
"Fri, Mar 10, 2000",Toronto Raptors,88,Sacramento Kings,103,Box Score,,"17,317",,ARCO Arena (II),,2000,March
"Fri, Mar 10, 2000",Golden State Warriors,85,Seattle SuperSonics,99,Box Score,,"13,522",,KeyArena at Seattle Center,,2000,March
"Fri, Mar 10, 2000",San Antonio Spurs,106,Washington Wizards,99,Box Score,OT,"16,409",,MCI Center,,2000,March
"Sat, Mar 11, 2000",Vancouver Grizzlies,86,Atlanta Hawks,91,Box Score,,"13,344",,Philips Arena,,2000,March
"Sat, Mar 11, 2000",Phoenix Suns,99,Dallas Mavericks,104,Box Score,,"18,187",,Reunion Arena,,2000,March
"Sat, Mar 11, 2000",Portland Trail Blazers,99,Detroit Pistons,94,Box Score,,"22,076",,The Palace of Auburn Hills,,2000,March
"Sat, Mar 11, 2000",Minnesota Timberwolves,100,Houston Rockets,86,Box Score,,"16,285",,Compaq Center,,2000,March
"Sat, Mar 11, 2000",Denver Nuggets,107,Orlando Magic,110,Box Score,,"13,635",,TD Waterhouse Centre,,2000,March
"Sun, Mar 12, 2000",Philadelphia 76ers,77,Boston Celtics,93,Box Score,,"18,624",2:27,FleetCenter,,2000,March
"Sun, Mar 12, 2000",Los Angeles Clippers,112,Golden State Warriors,103,Box Score,,"10,078",,The Arena in Oakland,,2000,March
"Sun, Mar 12, 2000",Miami Heat,105,Indiana Pacers,96,Box Score,,"18,345",,Conseco Fieldhouse,,2000,March
"Sun, Mar 12, 2000",Sacramento Kings,106,Los Angeles Lakers,109,Box Score,,"18,997",,STAPLES Center,,2000,March
"Sun, Mar 12, 2000",Cleveland Cavaliers,72,Milwaukee Bucks,103,Box Score,,"14,016",,Bradley Center,,2000,March
"Sun, Mar 12, 2000",Orlando Magic,91,New Jersey Nets,129,Box Score,,"13,648",,Continental Airlines Arena,,2000,March
"Sun, Mar 12, 2000",San Antonio Spurs,80,New York Knicks,93,Box Score,,"19,763",,Madison Square Garden (IV),,2000,March
"Sun, Mar 12, 2000",Toronto Raptors,99,Seattle SuperSonics,97,Box Score,,"17,072",,KeyArena at Seattle Center,,2000,March
"Sun, Mar 12, 2000",Portland Trail Blazers,102,Washington Wizards,86,Box Score,,"20,674",,MCI Center,,2000,March
"Mon, Mar 13, 2000",Utah Jazz,87,Chicago Bulls,79,Box Score,,"22,207",,United Center,,2000,March
"Mon, Mar 13, 2000",Los Angeles Lakers,118,Denver Nuggets,108,Box Score,,"19,099",,Pepsi Center,,2000,March
"Mon, Mar 13, 2000",Boston Celtics,115,Detroit Pistons,124,Box Score,,"12,340",2:32,The Palace of Auburn Hills,,2000,March
"Mon, Mar 13, 2000",Seattle SuperSonics,113,Vancouver Grizzlies,103,Box Score,,"14,510",,General Motors Place,,2000,March
"Tue, Mar 14, 2000",Philadelphia 76ers,98,Cleveland Cavaliers,97,Box Score,OT,"14,197",,Gund Arena,,2000,March
"Tue, Mar 14, 2000",Indiana Pacers,90,Dallas Mavericks,111,Box Score,,"15,761",,Reunion Arena,,2000,March
"Tue, Mar 14, 2000",Denver Nuggets,106,Los Angeles Clippers,110,Box Score,,"10,706",,STAPLES Center,,2000,March
"Tue, Mar 14, 2000",Milwaukee Bucks,104,Miami Heat,108,Box Score,,"15,836",,AmericanAirlines Arena,,2000,March
"Tue, Mar 14, 2000",Houston Rockets,85,New York Knicks,91,Box Score,,"19,763",,Madison Square Garden (IV),,2000,March
"Tue, Mar 14, 2000",Washington Wizards,98,Orlando Magic,107,Box Score,,"12,531",,TD Waterhouse Centre,,2000,March
"Tue, Mar 14, 2000",Minnesota Timberwolves,100,Phoenix Suns,107,Box Score,,"19,023",,America West Arena,,2000,March
"Tue, Mar 14, 2000",Sacramento Kings,91,Portland Trail Blazers,96,Box Score,,"20,499",,Rose Garden Arena,,2000,March
"Tue, Mar 14, 2000",Atlanta Hawks,79,San Antonio Spurs,94,Box Score,,"26,708",,Alamodome,,2000,March
"Tue, Mar 14, 2000",Golden State Warriors,78,Toronto Raptors,85,Box Score,,"19,800",,Air Canada Centre,,2000,March
"Wed, Mar 15, 2000",Indiana Pacers,113,Atlanta Hawks,107,Box Score,,"14,454",,Philips Arena,,2000,March
"Wed, Mar 15, 2000",Golden State Warriors,104,Boston Celtics,121,Box Score,,"16,109",2:23,FleetCenter,,2000,March
"Wed, Mar 15, 2000",Chicago Bulls,74,Charlotte Hornets,77,Box Score,,"15,964",,Charlotte Coliseum,,2000,March
"Wed, Mar 15, 2000",Orlando Magic,91,Detroit Pistons,113,Box Score,,"13,462",,The Palace of Auburn Hills,,2000,March
"Wed, Mar 15, 2000",Los Angeles Clippers,78,Sacramento Kings,98,Box Score,,"17,317",,ARCO Arena (II),,2000,March
"Thu, Mar 16, 2000",Utah Jazz,107,Cleveland Cavaliers,86,Box Score,,"14,086",,Gund Arena,,2000,March
"Thu, Mar 16, 2000",Philadelphia 76ers,77,Miami Heat,92,Box Score,,"19,600",,AmericanAirlines Arena,,2000,March
"Thu, Mar 16, 2000",Houston Rockets,96,Milwaukee Bucks,106,Box Score,,"13,658",,Bradley Center,,2000,March
"Thu, Mar 16, 2000",Minnesota Timberwolves,96,Portland Trail Blazers,92,Box Score,,"20,060",,Rose Garden Arena,,2000,March
"Thu, Mar 16, 2000",Dallas Mavericks,110,San Antonio Spurs,88,Box Score,,"23,592",,Alamodome,,2000,March
"Thu, Mar 16, 2000",Vancouver Grizzlies,103,Seattle SuperSonics,117,Box Score,,"13,070",,KeyArena at Seattle Center,,2000,March
"Thu, Mar 16, 2000",Los Angeles Lakers,102,Washington Wizards,109,Box Score,,"20,674",,MCI Center,,2000,March
"Fri, Mar 17, 2000",Boston Celtics,114,Atlanta Hawks,90,Box Score,,"11,621",2:09,Philips Arena,,2000,March
"Fri, Mar 17, 2000",New York Knicks,118,Charlotte Hornets,99,Box Score,,"23,799",,Charlotte Coliseum,,2000,March
"Fri, Mar 17, 2000",Golden State Warriors,95,Chicago Bulls,92,Box Score,2OT,"21,898",,United Center,,2000,March
"Fri, Mar 17, 2000",Los Angeles Clippers,87,Denver Nuggets,114,Box Score,,"16,336",,Pepsi Center,,2000,March
"Fri, Mar 17, 2000",Los Angeles Lakers,110,Detroit Pistons,82,Box Score,,"22,076",,The Palace of Auburn Hills,,2000,March
"Fri, Mar 17, 2000",Houston Rockets,102,Indiana Pacers,111,Box Score,,"18,345",,Conseco Fieldhouse,,2000,March
"Fri, Mar 17, 2000",Utah Jazz,97,Philadelphia 76ers,99,Box Score,,"20,705",,First Union Center,,2000,March
"Fri, Mar 17, 2000",Orlando Magic,91,Toronto Raptors,95,Box Score,,"19,985",,Air Canada Centre,,2000,March
"Fri, Mar 17, 2000",Phoenix Suns,101,Vancouver Grizzlies,86,Box Score,,"14,255",,General Motors Place,,2000,March
"Sat, Mar 18, 2000",Miami Heat,92,Cleveland Cavaliers,90,Box Score,OT,"20,562",,Gund Arena,,2000,March
"Sat, Mar 18, 2000",Boston Celtics,104,Dallas Mavericks,99,Box Score,,"17,102",2:13,Reunion Arena,,2000,March
"Sat, Mar 18, 2000",Charlotte Hornets,99,Indiana Pacers,113,Box Score,,"18,345",,Conseco Fieldhouse,,2000,March
"Sat, Mar 18, 2000",Sacramento Kings,104,Los Angeles Clippers,83,Box Score,,"18,964",,STAPLES Center,,2000,March
"Sat, Mar 18, 2000",Milwaukee Bucks,90,New Jersey Nets,92,Box Score,OT,"16,519",,Continental Airlines Arena,,2000,March
"Sat, Mar 18, 2000",Denver Nuggets,82,San Antonio Spurs,102,Box Score,,"24,460",,Alamodome,,2000,March
"Sat, Mar 18, 2000",Portland Trail Blazers,97,Seattle SuperSonics,96,Box Score,,"17,072",,KeyArena at Seattle Center,,2000,March
"Sat, Mar 18, 2000",Chicago Bulls,88,Washington Wizards,101,Box Score,,"20,674",,MCI Center,,2000,March
"Sun, Mar 19, 2000",Dallas Mavericks,89,Atlanta Hawks,85,Box Score,,"10,377",,Philips Arena,,2000,March
"Sun, Mar 19, 2000",Phoenix Suns,99,Golden State Warriors,82,Box Score,,"12,837",,The Arena in Oakland,,2000,March
"Sun, Mar 19, 2000",Milwaukee Bucks,82,Minnesota Timberwolves,109,Box Score,,"15,551",,Target Center,,2000,March
"Sun, Mar 19, 2000",Utah Jazz,92,New Jersey Nets,88,Box Score,,"16,103",,Continental Airlines Arena,,2000,March
"Sun, Mar 19, 2000",Los Angeles Lakers,92,New York Knicks,85,Box Score,,"19,763",,Madison Square Garden (IV),,2000,March
"Sun, Mar 19, 2000",Orlando Magic,85,Philadelphia 76ers,89,Box Score,,"20,214",,First Union Center,,2000,March
"Sun, Mar 19, 2000",Houston Rockets,98,Toronto Raptors,100,Box Score,,"19,876",,Air Canada Centre,,2000,March
"Sun, Mar 19, 2000",Detroit Pistons,101,Vancouver Grizzlies,99,Box Score,,"15,240",,General Motors Place,,2000,March
"Mon, Mar 20, 2000",Philadelphia 76ers,102,Charlotte Hornets,96,Box Score,,"16,281",,Charlotte Coliseum,,2000,March
"Mon, Mar 20, 2000",Orlando Magic,88,Chicago Bulls,86,Box Score,OT,"21,813",,United Center,,2000,March
"Mon, Mar 20, 2000",Houston Rockets,85,Cleveland Cavaliers,98,Box Score,,"13,241",,Gund Arena,,2000,March
"Mon, Mar 20, 2000",Washington Wizards,105,Los Angeles Clippers,93,Box Score,,"11,443",,STAPLES Center,,2000,March
"Mon, Mar 20, 2000",Los Angeles Lakers,100,Miami Heat,89,Box Score,,"20,075",,AmericanAirlines Arena,,2000,March
"Mon, Mar 20, 2000",Boston Celtics,106,Phoenix Suns,110,Box Score,,"19,023",2:22,America West Arena,,2000,March
"Tue, Mar 21, 2000",Miami Heat,77,Atlanta Hawks,82,Box Score,,"10,175",,Philips Arena,,2000,March
"Tue, Mar 21, 2000",San Antonio Spurs,96,Dallas Mavericks,97,Box Score,,"15,578",,Reunion Arena,,2000,March
"Tue, Mar 21, 2000",New York Knicks,91,Indiana Pacers,95,Box Score,,"18,345",,Conseco Fieldhouse,,2000,March
"Tue, Mar 21, 2000",Cleveland Cavaliers,107,Minnesota Timberwolves,111,Box Score,OT,"13,404",,Target Center,,2000,March
"Tue, Mar 21, 2000",Washington Wizards,86,Sacramento Kings,98,Box Score,,"17,317",,ARCO Arena (II),,2000,March
"Tue, Mar 21, 2000",Detroit Pistons,100,Seattle SuperSonics,90,Box Score,,"15,730",,KeyArena at Seattle Center,,2000,March
"Tue, Mar 21, 2000",New Jersey Nets,100,Toronto Raptors,93,Box Score,,"19,800",,Air Canada Centre,,2000,March
"Tue, Mar 21, 2000",Denver Nuggets,83,Utah Jazz,96,Box Score,,"19,628",,Delta Center,,2000,March
"Tue, Mar 21, 2000",Golden State Warriors,82,Vancouver Grizzlies,98,Box Score,,"13,555",,General Motors Place,,2000,March
"Wed, Mar 22, 2000",Minnesota Timberwolves,109,Boston Celtics,106,Box Score,,"16,606",2:26,FleetCenter,,2000,March
"Wed, Mar 22, 2000",New Jersey Nets,103,Charlotte Hornets,119,Box Score,,"15,595",,Charlotte Coliseum,,2000,March
"Wed, Mar 22, 2000",Golden State Warriors,96,Los Angeles Lakers,119,Box Score,,"18,843",,STAPLES Center,,2000,March
"Wed, Mar 22, 2000",Chicago Bulls,67,New York Knicks,78,Box Score,,"19,763",,Madison Square Garden (IV),,2000,March
"Wed, Mar 22, 2000",Atlanta Hawks,90,Orlando Magic,103,Box Score,,"12,524",,TD Waterhouse Centre,,2000,March
"Wed, Mar 22, 2000",Toronto Raptors,93,Philadelphia 76ers,106,Box Score,,"20,753",,First Union Center,,2000,March
"Wed, Mar 22, 2000",Sacramento Kings,93,Phoenix Suns,114,Box Score,,"19,023",,America West Arena,,2000,March
"Wed, Mar 22, 2000",Detroit Pistons,104,Portland Trail Blazers,95,Box Score,,"20,452",,Rose Garden Arena,,2000,March
"Wed, Mar 22, 2000",Los Angeles Clippers,78,San Antonio Spurs,103,Box Score,,"18,556",,Alamodome,,2000,March
"Thu, Mar 23, 2000",Cleveland Cavaliers,104,Dallas Mavericks,98,Box Score,,"13,043",,Reunion Arena,,2000,March
"Thu, Mar 23, 2000",Washington Wizards,100,Denver Nuggets,86,Box Score,,"13,773",,Pepsi Center,,2000,March
"Thu, Mar 23, 2000",Los Angeles Clippers,95,Houston Rockets,110,Box Score,,"14,270",,Compaq Center,,2000,March
"Thu, Mar 23, 2000",Milwaukee Bucks,105,Indiana Pacers,84,Box Score,,"18,345",,Conseco Fieldhouse,,2000,March
"Fri, Mar 24, 2000",Denver Nuggets,68,Chicago Bulls,70,Box Score,,"21,808",,United Center,,2000,March
"Fri, Mar 24, 2000",Portland Trail Blazers,96,Golden State Warriors,83,Box Score,,"15,356",,The Arena in Oakland,,2000,March
"Fri, Mar 24, 2000",Phoenix Suns,101,Los Angeles Lakers,109,Box Score,,"18,997",,STAPLES Center,,2000,March
"Fri, Mar 24, 2000",Miami Heat,99,Milwaukee Bucks,87,Box Score,,"17,597",,Bradley Center,,2000,March
"Fri, Mar 24, 2000",Minnesota Timberwolves,116,New Jersey Nets,115,Box Score,OT,"17,655",,Continental Airlines Arena,,2000,March
"Fri, Mar 24, 2000",Atlanta Hawks,83,New York Knicks,95,Box Score,,"19,763",,Madison Square Garden (IV),,2000,March
"Fri, Mar 24, 2000",Houston Rockets,96,Orlando Magic,112,Box Score,,"14,109",,TD Waterhouse Centre,,2000,March
"Fri, Mar 24, 2000",Boston Celtics,115,Philadelphia 76ers,117,Box Score,2OT,"20,660",3:15,First Union Center,,2000,March
"Fri, Mar 24, 2000",Detroit Pistons,103,Sacramento Kings,113,Box Score,,"17,317",,ARCO Arena (II),,2000,March
"Fri, Mar 24, 2000",Utah Jazz,98,Seattle SuperSonics,95,Box Score,,"17,072",,KeyArena at Seattle Center,,2000,March
"Fri, Mar 24, 2000",Charlotte Hornets,102,Toronto Raptors,84,Box Score,,"19,800",,Air Canada Centre,,2000,March
"Sat, Mar 25, 2000",Charlotte Hornets,86,Atlanta Hawks,70,Box Score,,"14,609",,Philips Arena,,2000,March
"Sat, Mar 25, 2000",Washington Wizards,93,Dallas Mavericks,86,Box Score,,"15,403",,Reunion Arena,,2000,March
"Sat, Mar 25, 2000",Detroit Pistons,126,Los Angeles Clippers,107,Box Score,,"17,840",,STAPLES Center,,2000,March
"Sat, Mar 25, 2000",Cleveland Cavaliers,76,San Antonio Spurs,96,Box Score,,"35,217",,Alamodome,,2000,March
"Sat, Mar 25, 2000",Utah Jazz,84,Vancouver Grizzlies,75,Box Score,,"14,143",,General Motors Place,,2000,March
"Sun, Mar 26, 2000",Chicago Bulls,78,Houston Rockets,123,Box Score,,"14,745",,Compaq Center,,2000,March
"Sun, Mar 26, 2000",Philadelphia 76ers,111,Indiana Pacers,101,Box Score,,"18,345",,Conseco Fieldhouse,,2000,March
"Sun, Mar 26, 2000",Boston Celtics,84,Milwaukee Bucks,99,Box Score,,"16,567",2:04,Bradley Center,,2000,March
"Sun, Mar 26, 2000",Toronto Raptors,101,Minnesota Timberwolves,106,Box Score,OT,"19,902",,Target Center,,2000,March
"Sun, Mar 26, 2000",Denver Nuggets,112,New Jersey Nets,110,Box Score,,"15,825",,Continental Airlines Arena,,2000,March
"Sun, Mar 26, 2000",Miami Heat,69,Orlando Magic,94,Box Score,,"13,505",,TD Waterhouse Centre,,2000,March
"Sun, Mar 26, 2000",Golden State Warriors,82,Phoenix Suns,90,Box Score,,"19,023",,America West Arena,,2000,March
"Sun, Mar 26, 2000",New York Knicks,93,Portland Trail Blazers,89,Box Score,,"20,497",,Rose Garden Arena,,2000,March
"Sun, Mar 26, 2000",Los Angeles Lakers,90,Sacramento Kings,89,Box Score,,"17,317",,ARCO Arena (II),,2000,March
"Mon, Mar 27, 2000",San Antonio Spurs,90,Seattle SuperSonics,82,Box Score,,"14,738",,KeyArena at Seattle Center,,2000,March
"Mon, Mar 27, 2000",Dallas Mavericks,113,Utah Jazz,105,Box Score,,"19,911",,Delta Center,,2000,March
"Tue, Mar 28, 2000",Denver Nuggets,111,Atlanta Hawks,116,Box Score,,"9,945",,Philips Arena,,2000,March
"Tue, Mar 28, 2000",Toronto Raptors,99,Cleveland Cavaliers,96,Box Score,,"20,562",,Gund Arena,,2000,March
"Tue, Mar 28, 2000",Golden State Warriors,86,Houston Rockets,121,Box Score,,"14,496",,Compaq Center,,2000,March
"Tue, Mar 28, 2000",Dallas Mavericks,112,Los Angeles Clippers,102,Box Score,,"10,157",,STAPLES Center,,2000,March
"Tue, Mar 28, 2000",Phoenix Suns,78,Miami Heat,81,Box Score,,"15,923",,AmericanAirlines Arena,,2000,March
"Tue, Mar 28, 2000",Philadelphia 76ers,102,Minnesota Timberwolves,100,Box Score,,"16,991",,Target Center,,2000,March
"Tue, Mar 28, 2000",Indiana Pacers,106,New Jersey Nets,111,Box Score,,"17,676",,Continental Airlines Arena,,2000,March
"Tue, Mar 28, 2000",Boston Celtics,87,Orlando Magic,122,Box Score,,"13,413",2:32,TD Waterhouse Centre,,2000,March
"Tue, Mar 28, 2000",San Antonio Spurs,89,Portland Trail Blazers,85,Box Score,,"20,584",,Rose Garden Arena,,2000,March
"Tue, Mar 28, 2000",New York Knicks,95,Sacramento Kings,103,Box Score,,"17,317",,ARCO Arena (II),,2000,March
"Wed, Mar 29, 2000",Cleveland Cavaliers,86,Chicago Bulls,81,Box Score,,"21,819",,United Center,,2000,March
"Wed, Mar 29, 2000",Charlotte Hornets,98,Detroit Pistons,91,Box Score,,"14,997",,The Palace of Auburn Hills,,2000,March
"Wed, Mar 29, 2000",New York Knicks,110,Seattle SuperSonics,95,Box Score,,"16,034",,KeyArena at Seattle Center,,2000,March
"Wed, Mar 29, 2000",Philadelphia 76ers,84,Utah Jazz,98,Box Score,,"19,911",,Delta Center,,2000,March
"Wed, Mar 29, 2000",Los Angeles Lakers,108,Vancouver Grizzlies,99,Box Score,,"16,780",,General Motors Place,,2000,March
"Wed, Mar 29, 2000",Denver Nuggets,101,Washington Wizards,93,Box Score,,"12,301",,MCI Center,,2000,March
"Thu, Mar 30, 2000",Phoenix Suns,118,Atlanta Hawks,74,Box Score,,"11,870",,Philips Arena,,2000,March
"Thu, Mar 30, 2000",Milwaukee Bucks,104,Los Angeles Clippers,85,Box Score,,"10,854",,STAPLES Center,,2000,March
"Thu, Mar 30, 2000",Chicago Bulls,80,Miami Heat,105,Box Score,,"15,886",,AmericanAirlines Arena,,2000,March
"Thu, Mar 30, 2000",Houston Rockets,90,Minnesota Timberwolves,122,Box Score,,"15,009",,Target Center,,2000,March
"Thu, Mar 30, 2000",Toronto Raptors,103,New Jersey Nets,107,Box Score,,"18,493",,Continental Airlines Arena,,2000,March
"Thu, Mar 30, 2000",Dallas Mavericks,85,Portland Trail Blazers,96,Box Score,,"20,399",,Rose Garden Arena,,2000,March
"Thu, Mar 30, 2000",Golden State Warriors,90,San Antonio Spurs,102,Box Score,,"18,793",,Alamodome,,2000,March
"Fri, Mar 31, 2000",Washington Wizards,104,Boston Celtics,102,Box Score,,"16,560",2:16,FleetCenter,,2000,March
"Fri, Mar 31, 2000",Toronto Raptors,101,Charlotte Hornets,110,Box Score,OT,"23,799",,Charlotte Coliseum,,2000,March
"Fri, Mar 31, 2000",Phoenix Suns,98,Detroit Pistons,97,Box Score,,"22,076",,The Palace of Auburn Hills,,2000,March
"Fri, Mar 31, 2000",Minnesota Timberwolves,85,Indiana Pacers,109,Box Score,,"18,345",,Conseco Fieldhouse,,2000,March
"Fri, Mar 31, 2000",Philadelphia 76ers,88,Los Angeles Lakers,100,Box Score,,"18,997",,STAPLES Center,,2000,March
"Fri, Mar 31, 2000",New Jersey Nets,97,Orlando Magic,103,Box Score,,"15,495",,TD Waterhouse Centre,,2000,March
"Fri, Mar 31, 2000",Sacramento Kings,108,Seattle SuperSonics,123,Box Score,,"16,274",,KeyArena at Seattle Center,,2000,March
"Fri, Mar 31, 2000",Golden State Warriors,97,Utah Jazz,114,Box Score,,"19,911",,Delta Center,,2000,March
"Fri, Mar 31, 2000",New York Knicks,89,Vancouver Grizzlies,83,Box Score,,"16,632",,General Motors Place,,2000,March
